time,nb_sleeping,nb_switching_on,nb_switching_off,nb_idle,nb_computing
0,0,0,32,0,0
6.1,32,0,0,0,0
6.1,31,1,0,0,0
6.1,28,4,0,0,0
16.0039,24,8,0,0,0
38.8363,16,16,0,0,0
54.1959,7,25,0,0,0
70.3507,1,31,0,0,0
95.4489,0,32,0,0,0
157.62,0,28,0,4,0
157.62,0,28,0,4,0
157.62,0,28,0,3,1
157.62,0,28,0,1,3
157.62,0,28,0,0,4
167.524,0,24,0,4,4
167.524,0,24,0,0,8
190.356,0,16,0,8,8
190.356,0,16,0,4,12
190.356,0,16,0,2,14
190.356,0,16,0,1,15
190.356,0,16,0,0,16
203.456,0,16,0,4,12
203.456,0,16,0,2,14
205.716,0,7,0,11,14
205.716,0,7,0,7,18
205.716,0,7,0,5,20
207.04,0,7,0,9,16
207.04,0,7,0,1,24
216.837,0,7,0,3,22
216.837,0,7,0,1,24
216.837,0,7,0,0,25
221.871,0,1,0,6,25
221.871,0,1,0,4,27
221.871,0,1,0,2,29
221.871,0,1,0,0,31
226.094,0,1,0,1,30
243.318,0,1,0,3,28
246.13,0,1,0,4,27
246.13,0,1,0,0,31
246.969,0,0,0,1,31
246.969,0,0,1,0,31
248.352,0,0,1,2,29
248.352,0,0,3,0,29
253.069,1,0,2,0,29
253.069,0,1,2,0,29
254.452,2,1,0,0,29
254.452,1,2,0,0,29
255.84,1,2,0,8,21
255.84,1,2,0,7,22
255.84,1,2,0,3,26
278.866,1,2,0,4,25
283.879,1,2,0,2,27
283.951,1,2,0,4,25
302.155,1,2,0,0,29
333.82,1,2,0,4,25
333.82,1,2,0,2,27
336.459,1,2,0,0,29
338.087,1,2,0,4,25
344.35,1,2,0,5,24
346.187,0,3,0,5,24
362.821,0,3,0,7,22
362.94,0,3,0,9,20
362.94,0,3,0,1,28
372.507,0,3,0,9,20
389.081,0,3,0,8,21
404.589,0,2,0,9,21
405.972,0,1,0,10,21
423.42,0,1,0,12,19
424.829,0,1,0,14,17
435.468,0,1,0,12,19
437.61,0,1,0,13,18
461.949,0,1,0,15,16
470.346,0,1,0,16,15
470.346,0,1,0,0,31
474.77,0,1,0,2,29
477.591,0,1,0,3,28
496.246,0,1,0,7,24
496.246,0,1,0,6,25
496.246,0,1,0,2,29
496.246,0,1,0,0,31
496.251,0,1,0,16,15
496.251,0,1,0,15,16
496.251,0,1,0,14,17
496.251,0,1,0,10,21
496.251,0,1,0,8,23
496.251,0,1,0,4,27
496.251,0,1,0,2,29
496.251,0,1,0,0,31
497.707,0,0,0,1,31
502.86,0,0,0,3,29
502.86,0,0,2,1,29
508.96,2,0,0,1,29
510.722,0,2,0,1,29
532.183,0,2,0,5,25
532.183,0,2,0,1,29
536.176,0,2,0,5,25
536.176,0,2,0,3,27
536.176,0,2,0,1,29
542.785,0,2,0,3,27
542.785,0,2,0,5,25
545.978,0,2,0,3,27
546.37,0,2,0,7,23
552.587,0,2,0,9,21
552.587,0,2,0,1,29
571.932,0,2,0,0,30
633.297,0,2,0,8,22
633.297,0,2,0,0,30
642.864,0,2,0,8,22
642.864,0,2,0,4,26
642.864,0,2,0,2,28
642.864,0,2,0,0,30
649.473,0,2,0,2,28
649.473,0,2,0,1,29
662.242,0,0,0,3,29
662.242,0,0,0,1,31
694.644,0,0,0,0,32
704.944,0,0,0,2,30
704.944,0,0,0,0,32
711.553,0,0,0,2,30
711.553,0,0,0,0,32
718.162,0,0,0,2,30
724.322,0,0,0,4,28
724.322,0,0,0,0,32
728.315,0,0,0,4,28
728.315,0,0,0,3,29
737.572,0,0,0,4,28
737.983,0,0,0,5,27
751.608,0,0,0,3,29
762.046,0,0,0,5,27
776.236,0,0,0,6,26
776.241,0,0,0,7,25
783.154,0,0,0,8,24
783.154,0,0,0,0,32
786.776,0,0,0,4,28
786.776,0,0,0,2,30
786.776,0,0,0,0,32
786.781,0,0,0,4,28
786.781,0,0,0,2,30
786.781,0,0,0,0,32
797.046,0,0,0,2,30
797.046,0,0,0,0,32
799.306,0,0,0,2,30
799.306,0,0,2,0,30
805.406,2,0,0,0,30
805.406,1,1,0,0,30
806.289,0,2,0,0,30
813.688,0,2,0,2,28
813.688,0,2,0,1,29
813.688,0,2,0,0,30
882.731,0,2,0,1,29
882.731,0,2,0,0,30
891.988,0,2,0,1,29
902.198,0,2,0,2,28
902.198,0,2,0,0,30
908.807,0,2,0,2,28
908.807,0,2,0,1,29
908.807,0,2,0,0,30
927.726,0,2,0,2,28
927.731,0,2,0,4,26
927.731,0,2,0,0,30
933.394,0,2,0,4,26
933.394,0,2,0,3,27
933.394,0,2,0,1,29
942.651,0,2,0,2,28
942.651,0,2,0,0,30
944.415,0,2,0,4,26
944.415,0,2,0,3,27
953.672,0,2,0,4,26
955.76,0,2,0,0,30
956.926,0,1,0,1,30
957.809,0,0,0,2,30
957.809,0,0,2,0,30
958.412,0,0,2,1,29
958.412,0,0,3,0,29
962.234,0,0,3,8,21
962.234,0,0,11,0,21
963.909,2,0,9,0,21
964.512,3,0,8,0,21
967.053,2,1,8,0,21
968.334,10,1,0,0,21
968.334,9,2,0,0,21
975.146,7,4,0,0,21
994.423,4,7,0,0,21
995.991,1,10,0,0,21
997.317,1,10,0,1,20
997.317,1,10,0,0,21
997.317,0,11,0,0,21
1006.57,0,11,0,1,20
1006.57,0,11,0,0,21
1052.58,0,11,0,2,19
1052.58,0,11,0,1,20
1052.58,0,11,0,3,18
1062.85,0,11,0,5,16
1062.85,0,11,0,1,20
1074.34,0,11,0,3,18
1074.34,0,11,0,1,20
1079.53,0,11,0,5,16
1079.53,0,11,0,1,20
1083.6,0,11,0,3,18
1083.6,0,11,0,1,20
1089.84,0,11,0,3,18
1089.84,0,11,0,5,16
1089.84,0,11,0,3,18
1089.84,0,11,0,1,20
1093.68,0,11,0,2,19
1093.68,0,11,0,0,21
1096.45,0,11,0,2,19
1118.57,0,10,0,3,19
1119.85,0,9,0,4,19
1119.85,0,9,0,0,23
1123.85,0,9,0,4,19
1123.85,0,9,0,0,23
1126.67,0,7,0,2,23
1126.67,0,7,0,0,25
1145.94,0,4,0,3,25
1145.94,0,4,0,1,27
1147.51,0,1,0,4,27
1148.84,0,0,0,5,27
1148.84,0,0,5,0,27
1152.55,0,0,5,2,25
1154.94,5,0,0,2,25
1162.61,3,2,0,2,25
1177.53,3,2,0,0,27
1177.53,1,4,0,0,27
1184.14,1,4,0,2,25
1188.75,1,4,0,4,23
1208.77,1,4,0,2,25
1224.55,1,4,0,4,23
1231.47,1,4,0,8,19
1231.47,1,4,0,0,27
1232.01,0,5,0,0,27
1234.63,0,5,0,2,25
1234.63,0,5,0,0,27
1235.25,0,5,0,2,25
1241.04,0,5,0,10,17
1241.04,0,5,0,2,25
1241.04,0,5,0,1,26
1246.29,0,5,0,5,22
1246.29,0,5,0,3,24
1246.91,0,5,0,2,25
1267.06,0,5,0,1,26
1273.07,0,5,0,0,27
1282.33,0,5,0,1,26
1287.15,0,5,0,0,27
1295.29,0,5,0,1,26
1296.41,0,5,0,2,25
1314.13,0,3,0,4,25
1319.82,0,3,0,2,27
1326.43,0,3,0,4,25
1329.05,0,1,0,6,25
1332.57,0,1,0,7,24
1383.53,0,0,0,8,24
1383.53,0,0,0,0,32
1387.24,0,0,0,2,30
1387.24,0,0,0,1,31
1393.05,0,0,0,2,30
1393.05,0,0,1,1,30
1399.15,1,0,0,1,30
1414.38,1,0,0,5,26
1414.38,1,0,0,1,30
1414.38,0,1,0,1,30
1420.12,0,1,0,9,22
1420.12,0,1,0,7,24
1420.12,0,1,0,5,26
1420.12,0,1,0,3,28
1420.12,0,1,0,1,30
1446.6,0,1,0,3,28
1464.24,0,1,0,11,20
1464.24,0,1,0,10,21
1464.24,0,1,0,2,29
1464.24,0,1,0,0,31
1500.43,0,1,0,2,29
1500.43,0,1,0,0,31
1521.03,0,1,0,1,30
1521.03,0,1,0,0,31
1526.9,0,1,0,1,30
1530.28,0,1,0,2,29
1530.64,0,1,0,1,30
1561.07,0,1,0,3,28
1565.9,0,0,0,4,28
1565.9,0,0,0,0,32
1582.58,0,0,0,4,28
1582.58,0,0,0,0,32
1619.15,0,0,0,1,31
1619.15,0,0,0,0,32
1628.41,0,0,0,1,31
1628.41,0,0,0,0,32
1637.67,0,0,0,1,31
1643.32,0,0,0,9,23
1643.32,0,0,0,7,25
1643.32,0,0,0,6,26
1653.54,0,0,0,7,25
1667.23,0,0,0,8,24
1667.93,0,0,0,10,22
1667.93,0,0,0,8,24
1674.3,0,0,0,0,32
1683.43,0,0,0,2,30
1704.91,0,0,0,6,26
1704.91,0,0,0,2,30
1708.9,0,0,0,6,26
1723.1,0,0,0,14,18
1723.1,0,0,0,12,20
1730.04,0,0,0,14,18
1730.04,0,0,0,12,20
1734.52,0,0,0,16,16
1734.52,0,0,0,0,32
1744.23,0,0,0,1,31
1744.23,0,0,0,0,32
1760.43,0,0,0,16,16
1760.43,0,0,0,14,18
1760.43,0,0,0,13,19
1760.43,0,0,0,9,23
1760.43,0,0,0,5,27
1760.43,0,0,0,3,29
1764.37,0,0,0,1,31
1770.98,0,0,0,3,29
1775.97,0,0,0,1,31
1786.91,0,0,0,3,29
1786.91,0,0,0,1,31
1800,0,0,1,0,31
1802.45,0,0,1,2,29
1806.1,1,0,0,2,29
1806.1,0,1,0,2,29
1813.39,0,1,0,4,27
1838.38,0,1,0,3,28
1848.12,0,1,0,7,24
1850.95,0,1,0,3,28
1864.63,0,1,0,2,29
1870.99,0,1,0,4,27
1886.89,0,1,0,8,23
1886.89,0,1,0,0,31
1901.38,0,1,0,2,29
1924.32,0,1,0,0,31
1926.89,0,1,0,1,30
1950.8,0,1,0,3,28
1953.14,0,1,0,4,27
1953.14,0,1,0,0,31
1957.62,0,0,0,1,31
1967.6,0,0,0,9,23
1967.6,0,0,0,5,27
1971.48,0,0,0,4,28
1974.52,0,0,0,2,30
1981.13,0,0,0,4,28
1988.9,0,0,0,6,26
1989.08,0,0,0,10,22
1989.08,0,0,0,2,30
1991.41,0,0,0,10,22
1992.53,0,0,0,8,24
1997.14,0,0,0,6,26
2003.53,0,0,0,10,22
2003.75,0,0,0,12,20
2013.71,0,0,0,14,18
2013.71,0,0,0,16,16
2013.71,0,0,0,0,32
2019.01,0,0,0,2,30
2019.01,0,0,0,1,31
2029.8,0,0,0,2,30
2029.8,0,0,0,0,32
2040.42,0,0,0,1,31
2050.96,0,0,0,5,27
2050.96,0,0,0,3,29
2050.96,0,0,0,1,31
2055.7,0,0,0,17,15
2055.7,0,0,0,15,17
2055.7,0,0,0,13,19
2055.7,0,0,0,11,21
2055.7,0,0,0,9,23
2055.7,0,0,0,7,25
2055.7,0,0,7,0,25
2059.99,0,0,7,1,24
2059.99,0,0,8,0,24
2061.8,7,0,1,0,24
2062.31,7,0,1,2,22
2062.31,7,0,1,4,20
2062.31,7,0,3,2,20
2062.31,7,0,5,0,20
2066.09,8,0,4,0,20
2068.41,12,0,0,0,20
2068.41,12,0,0,0,20
2082.19,12,0,0,2,18
2082.81,12,0,0,1,19
2092.07,12,0,0,2,18
2094.02,12,0,0,4,16
2095.68,12,0,0,3,17
2100,12,0,3,0,17
2101.19,11,1,3,0,17
2106.1,14,1,0,0,17
2106.1,13,2,0,0,17
2120.68,11,4,0,0,17
2129.14,7,8,0,0,17
2130.71,7,8,0,1,16
2130.71,7,8,0,0,17
2130.71,4,11,0,0,17
2135.16,1,14,0,0,17
2139.97,1,14,0,1,16
2139.97,1,14,0,0,17
2149.22,1,14,0,1,16
2149.22,0,15,0,1,16
2236.91,0,15,0,3,14
2236.91,0,15,0,2,15
2252.71,0,14,0,3,15
2257.62,0,13,0,4,15
2261.52,0,13,0,6,13
2261.52,0,13,0,5,14
2272.2,0,11,0,7,14
2280.66,0,7,0,11,14
2282.23,0,4,0,14,14
2286.68,0,1,0,17,14
2286.68,0,1,0,1,30
2295.6,0,1,0,3,28
2295.6,0,1,0,1,30
2300.74,0,0,0,2,30
2300.74,0,0,0,0,32
2302.21,0,0,0,2,30
2302.21,0,0,0,0,32
2316.76,0,0,0,2,30
2316.76,0,0,0,4,28
2316.76,0,0,0,2,30
2316.76,0,0,0,0,32
2323.37,0,0,0,2,30
2362.82,0,0,0,4,28
2362.82,0,0,0,0,32
2364.29,0,0,0,2,30
2364.29,0,0,0,0,32
2375.67,0,0,0,1,31
2375.67,0,0,0,0,32
2382.24,0,0,0,16,16
2382.24,0,0,0,15,17
2382.24,0,0,0,13,19
2382.24,0,0,0,9,23
2382.24,0,0,0,1,31
2382.24,0,0,1,0,31
2388.34,1,0,0,0,31
2391.81,1,0,0,8,23
2391.81,1,0,0,0,31
2405.49,1,0,0,1,30
2444.32,1,0,0,3,28
2444.32,1,0,0,1,30
2450.51,1,0,0,5,26
2450.51,1,0,0,1,30
2450.51,0,1,0,1,30
2467.2,0,1,0,5,26
2467.2,0,1,0,3,28
2470.8,0,1,0,5,26
2472.52,0,1,0,13,18
2472.52,0,1,0,5,26
2472.52,0,1,0,1,30
2473.81,0,1,0,3,28
2473.81,0,1,0,1,30
2482.08,0,1,0,9,22
2482.08,0,1,0,1,30
2505.24,0,1,0,3,28
2505.24,0,1,0,1,30
2530.88,0,1,0,9,22
2530.88,0,1,0,1,30
2534.18,0,1,0,5,26
2534.18,0,1,0,3,28
2536.55,0,1,0,2,29
2540.79,0,1,0,4,27
2540.79,0,1,0,0,31
2545.8,0,1,0,1,30
2560.21,0,1,0,5,26
2560.21,0,1,0,4,27
2562.48,0,1,0,3,28
2571.73,0,1,0,4,27
2576.72,0,1,0,8,23
2579.68,0,1,0,16,15
2579.68,0,1,0,0,31
2590.03,0,1,0,16,15
2590.03,0,1,0,12,19
2598.7,0,1,0,8,23
2602.03,0,0,0,9,23
2602.03,0,0,9,0,23
2606.71,0,0,9,4,19
2606.71,0,0,9,2,21
2606.71,0,0,11,0,21
2608.13,9,0,2,0,21
2612.81,11,0,0,0,21
2614.76,11,0,0,2,19
2614.76,11,0,2,0,19
2614.99,9,2,2,0,19
2618.28,5,6,2,0,19
2620.86,7,6,0,0,19
2620.86,3,10,0,0,19
2623.39,3,10,0,1,18
2623.39,0,13,0,1,18
2648,0,13,0,2,17
2648,0,13,0,0,19
2649.29,0,13,0,2,17
2649.29,0,13,0,4,15
2649.29,0,13,0,2,17
2655.66,0,13,0,3,16
2655.9,0,13,0,5,14
2655.9,0,13,0,1,18
2668.79,0,13,0,3,16
2672.59,0,13,0,7,12
2672.59,0,13,0,3,16
2689.27,0,13,0,7,12
2710.08,0,13,0,9,10
2710.08,0,13,0,1,18
2766.51,0,11,0,3,18
2766.51,0,11,0,1,20
2768.72,0,11,0,2,19
2768.72,0,11,0,0,21
2769.8,0,7,0,4,21
2769.8,0,7,0,2,23
2772.38,0,3,0,6,23
2774.91,0,0,0,9,23
2774.91,0,0,0,1,31
2774.91,0,0,1,0,31
2781.01,1,0,0,0,31
2791.96,0,1,0,0,31
2855.62,0,1,0,8,23
2855.62,0,1,0,0,31
2857.95,0,1,0,8,23
2857.95,0,1,0,6,25
2857.95,0,1,0,4,27
2857.95,0,1,0,2,29
2857.95,0,1,0,0,31
2864.56,0,1,0,2,29
2864.56,0,1,0,4,27
2864.56,0,1,0,2,29
2864.56,0,1,0,1,30
2864.56,0,1,0,0,31
2871.17,0,1,0,2,29
2871.17,0,1,0,1,30
2871.17,0,1,0,0,31
2880.42,0,1,0,1,30
2884.43,0,1,0,3,28
2884.43,0,1,0,1,30
2884.43,0,1,0,0,31
2889.16,0,1,0,8,23
2889.16,0,1,0,6,25
2889.23,0,1,0,10,21
2892.68,0,1,0,8,23
2899.29,0,1,0,10,21
2901.28,0,1,0,9,22
2910.35,0,1,0,11,20
2910.75,0,1,0,13,18
2914.1,0,1,0,9,22
2923.9,0,1,0,8,23
2933.15,0,1,0,9,22
2939.94,0,1,0,8,23
2943.48,0,0,0,9,23
2943.48,0,0,9,0,23
2946.69,0,0,9,1,22
2946.69,0,0,9,0,23
2949.58,9,0,0,0,23
2949.58,7,2,0,0,23
2972.17,4,5,0,0,23
2972.94,4,5,0,1,22
2972.94,4,5,0,0,23
2972.94,2,7,0,0,23
2988.17,0,9,0,0,23
2998.9,0,9,0,2,21
2998.9,0,9,0,0,23
3030.11,0,9,0,2,21
3035.2,0,9,0,3,20
3098.83,0,9,0,5,18
3098.83,0,9,0,1,22
3101.1,0,7,0,3,22
3101.1,0,7,0,1,24
3123.69,0,4,0,4,24
3124.46,0,2,0,6,24
3134.76,0,2,0,10,20
3134.76,0,2,0,8,22
3134.76,0,2,0,0,30
3139.69,0,0,0,2,30
3139.69,0,0,0,0,32
3139.85,0,0,0,2,30
3139.85,0,0,0,0,32
3144.55,0,0,0,1,31
3144.55,0,0,0,0,32
3150.23,0,0,0,2,30
3153.81,0,0,0,3,29
3153.81,0,0,0,2,30
3163.18,0,0,0,4,28
3163.18,0,0,0,0,32
3167.17,0,0,0,4,28
3167.17,0,0,0,2,30
3167.17,0,0,0,1,31
3167.17,0,0,1,0,31
3173.27,1,0,0,0,31
3183.56,1,0,0,8,23
3183.56,1,0,0,4,27
3183.56,1,0,0,0,31
3187.55,1,0,0,4,27
3187.55,1,0,4,0,27
3193.65,5,0,0,0,27
3198.08,3,2,0,0,27
3204.63,3,2,0,4,23
3204.63,3,2,0,2,25
3213.81,3,2,0,1,26
3223.06,3,2,0,2,25
3237.63,3,2,0,0,27
3242.32,3,2,0,1,26
3249.39,2,3,0,1,26
3251.04,2,3,0,2,25
3251.04,2,3,0,0,27
3257.65,2,3,0,1,26
3260.26,1,4,0,1,26
3266.71,1,4,0,3,24
3266.71,1,4,0,1,26
3271.25,1,4,0,5,22
3273.32,1,4,0,7,20
3275.55,1,4,0,5,22
3287.76,1,4,0,6,21
3288.97,1,4,0,2,25
3292.96,1,4,0,6,21
3296.93,1,4,0,4,23
3299.71,1,4,0,6,21
3313.12,1,4,0,8,19
3318.43,1,4,0,6,21
3325.04,1,4,0,8,19
3326.42,1,4,0,9,18
3337.63,1,4,0,11,16
3342.06,1,4,0,10,17
3349.6,1,2,0,12,17
3356.93,1,2,0,8,21
3359.42,1,2,0,9,20
3360.1,1,2,0,11,18
3362.31,1,2,0,13,16
3367.24,1,2,0,5,24
3375.06,1,2,0,1,28
3376.8,1,2,0,9,20
3397.41,1,2,0,7,22
3400.91,1,1,0,8,22
3405.49,1,1,0,10,20
3405.65,1,1,0,12,18
3411.78,1,0,0,13,18
3411.78,1,0,13,0,18
3417.88,14,0,0,0,18
3419.9,13,1,0,0,18
3430.57,13,1,0,1,17
3430.57,13,1,0,0,18
3442.53,11,3,0,0,18
3450.16,5,9,0,0,18
3459.49,5,9,0,2,16
3459.49,5,9,0,0,18
3459.49,1,13,0,0,18
3465.66,0,14,0,0,18
3485.97,0,14,0,2,16
3485.97,0,14,0,1,17
3495.23,0,14,0,2,16
3495.23,0,14,0,0,18
3521.71,0,14,0,2,16
3553.65,0,14,0,3,15
3571.42,0,13,0,4,15
3571.42,0,13,0,0,19
3594.05,0,11,0,2,19
3601.68,0,5,0,8,19
3601.68,0,5,0,4,23
3601.68,0,5,0,2,25
3611.01,0,1,0,6,25
3611.01,0,1,0,4,27
3617.18,0,0,0,5,27
3617.18,0,0,0,4,28
3618.36,0,0,0,8,24
3618.36,0,0,0,0,32
3627.93,0,0,0,8,24
3627.93,0,0,0,6,26
3627.93,0,0,0,4,28
3627.93,0,0,0,2,30
3627.93,0,0,2,0,30
3634.03,2,0,0,0,30
3634.13,0,2,0,0,30
3647.46,0,2,0,4,26
3647.46,0,2,0,2,28
3658.98,0,2,0,1,29
3663.76,0,2,0,3,27
3665.59,0,2,0,7,23
3690.01,0,2,0,9,21
3696.71,0,2,0,5,25
3710.56,0,2,0,6,24
3715.15,0,2,0,5,25
3725.64,0,2,0,4,26
3728.35,0,2,0,6,24
3733.48,0,2,0,2,28
3745.37,0,2,0,1,29
3747.49,0,2,0,2,28
3751.96,0,2,0,4,26
3754.63,0,2,0,5,25
3760.76,0,2,0,7,23
3762,0,2,0,5,25
3768.88,0,2,0,7,23
3781.12,0,2,0,5,25
3785.65,0,0,0,7,25
3785.65,0,0,7,0,25
3788.41,0,0,7,2,23
3788.41,0,0,9,0,23
3791.75,7,0,2,0,23
3793.53,3,4,2,0,23
3794.51,5,4,0,0,23
3794.51,1,8,0,0,23
3814.15,1,8,0,1,22
3821.17,1,8,0,5,18
3821.17,1,8,0,1,22
3861.95,1,8,0,5,18
3861.95,1,8,0,1,22
3865.94,1,8,0,5,18
3865.94,1,8,0,1,22
3869.94,1,8,0,5,18
3869.94,1,8,0,3,20
3877.06,1,8,0,2,21
3890.52,1,8,0,4,19
3896.14,1,8,0,3,20
3897.17,1,8,0,4,19
3902.95,1,8,0,6,17
3910.07,1,8,0,4,19
3922.07,1,8,0,6,17
3934.85,1,8,0,4,19
3937.48,1,8,0,3,20
3943.06,1,8,0,1,22
3945.05,1,4,0,5,22
3946.03,1,0,0,9,22
3946.03,1,0,9,0,22
3952.13,10,0,0,0,22
3952.13,8,2,0,0,22
3958.83,5,5,0,0,22
3971.18,0,10,0,0,22
3973.11,0,10,0,4,18
3973.11,0,10,0,2,20
3973.11,0,10,0,1,21
3984.65,0,10,0,2,20
3984.65,0,10,0,0,22
3987.24,0,10,0,4,18
3987.24,0,10,0,2,20
3991.26,0,10,0,4,18
3993.26,0,10,0,0,22
3995.14,0,10,0,1,21
3999.6,0,10,0,3,19
3999.6,0,10,0,1,21
4004.7,0,10,0,0,22
4006.2,0,10,0,2,20
4010.89,0,10,0,4,18
4017.33,0,10,0,0,22
4025.99,0,10,0,1,21
4036.95,0,10,0,0,22
4080.95,0,10,0,4,18
4080.95,0,10,0,0,22
4084.01,0,10,0,2,20
4093.21,0,10,0,3,19
4099.45,0,10,0,2,20
4103.65,0,8,0,4,20
4103.65,0,8,0,0,24
4105.02,0,8,0,4,20
4105.02,0,8,0,2,22
4105.02,0,8,0,0,24
4110.35,0,5,0,3,24
4111.63,0,5,0,5,22
4116.88,0,5,0,9,18
4122.7,0,0,0,14,18
4122.7,0,0,1,13,18
4128.8,1,0,0,13,18
4143.14,1,0,0,12,19
4165.58,1,0,0,10,21
4172.19,1,0,0,12,19
4175.87,1,0,0,14,17
4187.96,1,0,0,15,16
4200,1,0,15,0,16
4206.1,16,0,0,0,16
4206.1,0,16,0,0,16
4221.52,0,16,0,2,14
4221.52,0,16,0,0,16
4231.65,0,16,0,1,15
4253.1,0,16,0,2,14
4255.59,0,16,0,6,10
4255.59,0,16,0,2,14
4259.58,0,16,0,6,10
4259.58,0,16,0,2,14
4263.54,0,16,0,3,13
4276.27,0,16,0,7,9
4283.6,0,16,0,9,7
4357.62,0,0,0,25,7
4357.62,0,0,0,9,23
4357.62,0,0,0,7,25
4357.62,0,0,0,5,27
4357.62,0,0,0,3,29
4357.62,0,0,0,2,30
4357.62,0,0,0,0,32
4359.18,0,0,0,16,16
4359.18,0,0,0,0,32
4370.82,0,0,0,2,30
4385.09,0,0,0,18,14
4385.09,0,0,0,2,30
4385.09,0,0,0,1,31
4385.09,0,0,0,0,32
4390.68,0,0,0,16,16
4390.68,0,0,0,14,18
4390.68,0,0,0,12,20
4390.68,0,0,12,0,20
4394.34,0,0,12,1,19
4394.34,0,0,13,0,19
4396.78,12,0,1,0,19
4397,10,2,1,0,19
4400.44,11,2,0,0,19
4400.44,9,4,0,0,19
4415.12,6,7,0,0,19
4419.7,6,7,0,2,17
4419.7,6,7,0,4,15
4419.7,6,7,0,2,17
4419.7,5,8,0,2,17
4419.7,5,8,0,1,18
4423.43,5,8,0,2,17
4426.31,5,8,0,4,15
4432.9,5,8,0,3,16
4437.09,5,8,0,1,18
4442.16,5,8,0,2,17
4448.05,5,8,0,1,18
4452.76,5,8,0,3,16
4455.81,5,8,0,2,17
4457.31,5,8,0,3,16
4459.1,5,8,0,2,17
4465.07,5,8,0,3,16
4468.34,5,8,0,1,18
4473.6,5,8,0,2,17
4487.8,1,12,0,2,17
4498.57,1,12,0,4,15
4498.57,1,12,0,0,19
4499.17,1,12,0,2,17
4499.17,1,12,0,0,19
4508.21,1,12,0,1,18
4510.22,0,13,0,1,18
4515.25,0,13,0,5,14
4515.25,0,13,0,3,16
4528.44,0,13,0,5,14
4531.63,0,13,0,7,12
4537.39,0,13,0,5,14
4540.42,0,13,0,3,16
4544,0,13,0,5,14
4548.52,0,11,0,7,14
4551.96,0,9,0,9,14
4553.35,0,9,0,8,15
4566.64,0,6,0,11,15
4571.22,0,5,0,12,15
4580.83,0,5,0,14,13
4609.29,0,5,0,16,11
4609.29,0,5,0,0,27
4614.88,0,5,0,16,11
4614.88,0,5,0,15,12
4614.88,0,5,0,7,20
4614.88,0,5,0,5,22
4614.88,0,5,0,4,23
4629.44,0,5,0,3,24
4639.32,0,1,0,7,24
4640.12,0,1,0,9,22
4641.36,0,1,0,11,20
4641.86,0,1,0,12,19
4649.32,0,1,0,8,23
4656.2,0,1,0,10,21
4661.74,0,0,0,11,21
4661.74,0,0,11,0,21
4663.68,0,0,11,8,13
4663.68,0,0,19,0,13
4666,0,0,19,4,9
4666,0,0,19,2,11
4666,0,0,21,0,11
4667.84,11,0,10,0,11
4669.78,19,0,2,0,11
4672.1,21,0,0,0,11
4681.37,21,0,0,2,9
4681.37,21,0,2,0,9
4686.67,19,2,2,0,9
4687.47,21,2,0,0,9
4687.47,19,4,0,0,9
4706.7,13,10,0,0,9
4717.95,13,10,0,1,8
4717.95,9,14,0,1,8
4721.21,3,20,0,1,8
4739.09,3,20,0,2,7
4739.09,3,20,0,0,9
4739.09,1,22,0,0,9
4744.1,1,22,0,1,8
4787.24,1,22,0,0,9
4838.19,1,20,0,2,9
4838.99,1,18,0,4,9
4838.99,1,18,0,0,13
4858.22,1,12,0,6,13
4858.22,1,12,0,4,15
4858.22,1,12,0,2,17
4858.22,1,12,0,0,19
4869.47,1,8,0,4,19
4869.47,1,8,0,0,23
4872.73,1,2,0,6,23
4872.73,1,2,0,4,25
4872.73,1,2,0,0,29
4875.75,1,2,0,1,28
4880.04,1,2,0,3,26
4880.04,1,2,0,1,28
4884.7,1,2,0,3,26
4886.16,1,2,0,7,22
4886.16,1,2,0,5,24
4886.16,1,2,0,1,28
4886.65,1,2,0,3,26
4886.65,1,2,0,1,28
4890.61,1,0,0,3,28
4890.61,1,0,0,1,30
4890.61,1,0,1,0,30
4896.71,2,0,0,0,30
4896.71,0,2,0,0,30
4908.66,0,2,0,4,26
4908.66,0,2,0,2,28
4908.66,0,2,0,0,30
4915.27,0,2,0,2,28
4915.27,0,2,0,0,30
4920.3,0,2,0,2,28
4920.3,0,2,0,0,30
4931.8,0,2,0,2,28
4939.87,0,2,0,0,30
4948.73,0,2,0,2,28
4948.73,0,2,0,0,30
4951.21,0,2,0,2,28
4967.4,0,2,0,0,30
4973.85,0,2,0,4,26
4974.01,0,2,0,6,24
4980.28,0,2,0,4,26
4988.11,0,2,0,2,28
4990.93,0,2,0,6,24
4993.47,0,2,0,4,26
5000.91,0,2,0,2,28
5001.36,0,2,0,3,27
5001.36,0,2,0,4,26
5004.6,0,2,0,3,27
5019.95,0,2,0,5,25
5019.95,0,2,0,1,29
5027.11,0,2,0,3,27
5036.63,0,2,0,7,23
5037.75,0,2,0,6,24
5047.01,0,2,0,7,23
5048.23,0,0,0,9,23
5048.23,0,0,9,0,23
5050.19,0,0,9,2,21
5050.19,0,0,9,1,22
5050.19,0,0,10,0,22
5054.33,9,0,1,0,22
5054.33,5,4,1,0,22
5056.22,5,4,1,2,20
5056.22,1,8,1,2,20
5056.29,2,8,0,2,20
5061.25,2,8,0,4,18
5061.25,2,8,0,0,22
5093.11,2,8,0,1,21
5110.16,0,10,0,1,21
5121.23,0,10,0,3,19
5124.02,0,10,0,5,17
5124.02,0,10,0,1,21
5138.7,0,10,0,2,20
5138.7,0,10,0,0,22
5145.31,0,10,0,2,20
5156.41,0,10,0,4,18
5156.41,0,10,0,0,22
5160.41,0,10,0,4,18
5160.41,0,10,0,0,22
5205.67,0,10,0,2,20
5205.67,0,10,0,0,22
5205.85,0,6,0,4,22
5205.85,0,6,0,2,24
5205.85,0,6,0,0,26
5207.74,0,2,0,4,26
5207.74,0,2,0,0,30
5212.46,0,2,0,2,28
5212.46,0,2,0,1,29
5213.19,0,2,0,5,25
5213.19,0,2,0,3,27
5214.53,0,2,0,5,25
5216.99,0,2,0,3,27
5219.82,0,2,0,1,29
5224.42,0,2,0,5,25
5232.34,0,2,0,7,23
5235.18,0,2,0,6,24
5250.08,0,2,0,4,26
5252.81,0,2,0,2,28
5261.68,0,0,0,4,28
5261.68,0,0,4,0,28
5266.71,0,0,4,2,26
5266.71,0,0,4,0,28
5267.75,0,0,4,2,26
5267.75,0,0,6,0,26
5267.78,4,0,2,0,26
5273.32,4,0,2,2,24
5273.32,4,0,4,0,24
5273.85,6,0,2,0,24
5275.96,6,0,2,4,20
5275.96,6,0,6,0,20
5278.66,4,2,6,0,20
5279.07,4,2,6,2,18
5279.07,4,2,6,0,20
5279.29,4,2,6,2,18
5279.42,6,2,4,2,18
5282.06,10,2,0,2,18
5285.68,10,2,0,4,16
5307.6,10,2,0,3,17
5313.44,10,2,0,2,18
5322.7,10,2,0,3,17
5327.29,10,2,0,2,18
5336.54,10,2,0,3,17
5346,2,10,0,3,17
5358.72,0,12,0,3,17
5360.77,0,12,0,5,15
5391.03,0,12,0,7,13
5391.03,0,12,0,6,14
5396.11,0,12,0,7,13
5404.27,0,12,0,6,14
5430.18,0,10,0,8,14
5430.18,0,10,0,0,22
5450.94,0,10,0,4,18
5450.94,0,10,0,2,20
5450.94,0,10,0,0,22
5466.32,0,10,0,2,20
5466.32,0,10,0,0,22
5478.98,0,10,0,8,14
5478.98,0,10,0,4,18
5478.98,0,10,0,2,20
5478.98,0,10,0,1,21
5478.99,0,10,0,3,19
5482.97,0,10,0,7,15
5482.97,0,10,0,3,19
5497.52,0,2,0,11,19
5497.52,0,2,0,10,20
5497.52,0,2,0,2,28
5502.25,0,2,0,4,26
5503.43,0,2,0,2,28
5506.78,0,2,0,3,27
5507.09,0,2,0,11,19
5510.24,0,0,0,13,19
5510.24,0,0,13,0,19
5516.34,13,0,0,0,19
5516.34,11,2,0,0,19
5519.48,5,8,0,0,19
5530.15,1,12,0,0,19
5565.51,1,12,0,2,17
5565.51,1,12,0,0,19
5567.49,1,12,0,1,18
5588.51,0,13,0,1,18
5598.94,0,13,0,2,17
5621.66,0,13,0,3,16
5621.66,0,13,0,2,17
5634.91,0,13,0,6,13
5634.91,0,13,0,4,15
5634.91,0,13,0,0,19
5667.86,0,11,0,2,19
5671,0,5,0,8,19
5671,0,5,0,6,21
5671,0,5,0,5,22
5671,0,5,0,4,23
5671,0,5,0,0,27
5681.67,0,1,0,4,27
5681.67,0,1,0,0,31
5687.68,0,1,0,4,27
5687.68,0,1,0,3,28
5696.94,0,1,0,4,27
5696.94,0,1,0,0,31
5696.99,0,1,0,2,29
5700.93,0,1,0,6,25
5700.93,0,1,0,2,29
5706.46,0,1,0,4,27
5716.74,0,1,0,6,25
5716.74,0,1,0,8,23
5716.74,0,1,0,0,31
5722.6,0,1,0,4,27
5722.6,0,1,0,0,31
5733.08,0,1,0,2,29
5740.03,0,0,0,3,29
5740.03,0,0,1,2,29
5746.13,1,0,0,2,29
5760.48,0,1,0,2,29
5769.36,0,1,0,6,25
5769.36,0,1,0,2,29
5769.36,0,1,0,0,31
5777.51,0,1,0,1,30
5777.51,0,1,0,0,31
5786.04,0,1,0,4,27
5786.04,0,1,0,0,31
5786.76,0,1,0,1,30
5790.75,0,1,0,2,29
5790.75,0,1,0,0,31
5797.45,0,1,0,8,23
5797.45,0,1,0,4,27
5797.45,0,1,0,0,31
5810.29,0,1,0,4,27
5810.29,0,1,0,2,29
5810.29,0,1,0,0,31
5836.77,0,1,0,2,29
5836.77,0,1,0,0,31
5852.87,0,1,0,4,27
5852.87,0,1,0,3,28
5852.87,0,1,0,1,30
5859.48,0,1,0,3,28
5862.13,0,1,0,4,27
5862.13,0,1,0,0,31
5885.14,0,1,0,4,27
5885.14,0,1,0,2,29
5891.75,0,1,0,4,27
5897.55,0,1,0,3,28
5898.06,0,1,0,7,24
5901.65,0,1,0,8,23
5903.9,0,1,0,6,25
5912,0,0,0,7,25
5912,0,0,7,0,25
5918.1,7,0,0,0,25
5924.79,5,2,0,0,25
5931.7,5,2,0,2,23
5931.7,5,2,0,0,25
5937.98,5,2,0,4,21
5939.36,5,2,0,2,23
5950.99,5,2,0,3,22
5961.51,5,2,0,2,23
5965.98,5,2,0,4,21
5975.11,5,2,0,2,23
5977.72,5,2,0,4,21
5981.72,5,2,0,6,19
5986.06,5,2,0,7,18
5986.63,5,2,0,5,20
6007.26,5,2,0,3,22
6013.87,5,2,0,5,20
6019.01,5,2,0,3,22
6045.1,5,2,0,1,24
6057.48,5,2,0,2,23
6058.74,1,6,0,2,23
6059.91,1,6,0,4,21
6059.91,1,6,0,0,25
6063.9,1,6,0,4,21
6071.58,1,6,0,6,19
6072.57,1,6,0,8,17
6076.09,1,6,0,10,15
6076.31,1,4,0,12,15
6081.89,1,4,0,10,17
6087.98,1,4,0,14,13
6102.88,1,4,0,13,14
6120.79,1,4,0,11,16
6135.16,1,4,0,7,20
6139.15,1,4,0,11,16
6158.28,1,4,0,7,20
6162.27,1,4,0,11,16
6162.27,1,4,0,3,24
6199.69,1,4,0,2,25
6205.16,1,4,0,4,23
6205.16,1,4,0,0,27
6210.26,1,0,0,4,27
6210.26,1,0,0,2,29
6210.26,1,0,2,0,29
6216.36,3,0,0,0,29
6222.84,3,0,0,2,27
6223.67,1,2,0,2,27
6242.98,1,2,0,10,19
6242.98,1,2,0,8,21
6242.98,1,2,0,4,25
6242.98,1,2,0,2,27
6243.52,1,2,0,0,29
6246.97,1,2,0,4,25
6250.13,1,2,0,6,23
6253.51,1,2,0,2,27
6261.74,1,2,0,4,25
6269.81,1,2,0,3,26
6277.08,1,2,0,1,28
6284.81,1,2,0,3,26
6287.51,1,2,0,1,28
6288.2,1,2,0,2,27
6289.45,1,2,0,6,23
6292.85,1,2,0,10,19
6309.67,1,2,0,9,20
6343.88,1,2,0,7,22
6347.99,1,2,0,8,21
6349.59,1,2,0,10,19
6359.21,1,2,0,6,23
6362.95,1,2,0,8,21
6363.2,1,2,0,12,17
6375.19,1,0,0,14,17
6391.04,0,1,0,14,17
6426,0,1,0,12,19
6452.48,0,1,0,14,17
6476.06,0,1,0,16,15
6476.06,0,1,0,0,31
6484.83,0,1,0,2,29
6484.83,0,1,0,0,31
6486.4,0,1,0,16,15
6486.4,0,1,0,14,17
6486.4,0,1,0,13,18
6486.4,0,1,0,9,22
6486.4,0,1,0,8,23
6486.4,0,1,0,7,24
6486.4,0,1,0,6,25
6486.4,0,1,0,4,27
6486.4,0,1,0,3,28
6489.36,0,1,0,4,27
6497.48,0,1,0,3,28
6508.78,0,1,0,5,26
6511.89,0,1,0,3,28
6525.29,0,1,0,5,26
6527.12,0,1,0,4,27
6537.49,0,1,0,2,29
6542.56,0,0,0,3,29
6542.56,0,0,3,0,29
6542.88,0,0,3,2,27
6542.88,0,0,5,0,27
6548.48,0,0,5,2,25
6548.48,0,0,7,0,25
6548.66,3,0,4,0,25
6548.98,5,0,2,0,25
6551.69,3,2,2,0,25
6554.58,5,2,0,0,25
6554.58,3,4,0,0,25
6573.66,1,6,0,0,25
6574.56,0,7,0,0,25
6574.91,0,7,0,1,24
6574.91,0,7,0,2,23
6574.91,0,7,0,3,22
6574.91,0,7,0,2,23
6574.91,0,7,0,0,25
6580.22,0,7,0,2,23
6580.22,0,7,0,0,25
6585.99,0,7,0,1,24
6589.66,0,7,0,2,23
6589.66,0,7,0,0,25
6616.14,0,7,0,2,23
6616.14,0,7,0,0,25
6625.78,0,7,0,2,23
6627.35,0,7,0,4,21
6638.34,0,7,0,8,17
6638.34,0,7,0,0,25
6642.3,0,7,0,2,23
6642.3,0,7,0,1,24
6642.62,0,7,0,3,22
6642.62,0,7,0,1,24
6652.84,0,7,0,3,22
6652.84,0,7,0,2,23
6652.84,0,7,0,0,25
6656.29,0,7,0,1,24
6657.64,0,7,0,9,16
6663.42,0,7,0,10,15
6664.98,0,7,0,8,17
6671.59,0,7,0,10,15
6678.44,0,7,0,12,13
6703.21,0,5,0,14,13
6703.82,0,5,0,12,15
6706.1,0,3,0,14,15
6717.07,0,3,0,12,17
6723.68,0,3,0,14,15
6725.18,0,1,0,16,15
6726.08,0,0,0,17,15
6726.08,0,0,17,0,15
6732.18,17,0,0,0,15
6732.18,16,1,0,0,15
6738.91,13,4,0,0,15
6752.61,6,11,0,0,15
6766.39,6,11,0,1,14
6766.39,6,11,0,0,15
6766.39,0,17,0,0,15
6807.11,0,17,0,1,14
6807.11,0,17,0,0,15
6816.37,0,17,0,1,14
6836.57,0,17,0,3,12
6836.57,0,17,0,1,14
6836.57,0,17,0,0,15
6840.71,0,17,0,2,13
6840.71,0,17,0,0,15
6845.83,0,17,0,1,14
6845.83,0,17,0,0,15
6854.9,0,17,0,1,14
6855.08,0,17,0,2,13
6863.05,0,17,0,4,11
6863.05,0,17,0,0,15
6872.88,0,17,0,1,14
6883.7,0,16,0,2,14
6890.43,0,13,0,5,14
6890.43,0,13,0,1,18
6898.98,0,13,0,5,14
6898.98,0,13,0,1,18
6904.13,0,6,0,8,18
6904.13,0,6,0,6,20
6904.13,0,6,0,2,24
6910.73,0,6,0,4,22
6910.73,0,6,0,0,26
6917.91,0,0,0,6,26
6917.91,0,0,0,4,28
6917.91,0,0,0,0,32
6922.29,0,0,0,1,31
6924.52,0,0,0,3,29
6924.52,0,0,0,1,31
6926.36,0,0,0,5,27
6926.36,0,0,0,1,31
6927.42,0,0,0,5,27
6927.42,0,0,0,4,28
6927.42,0,0,0,2,30
6927.42,0,0,2,0,30
6933.52,2,0,0,0,30
6937.85,1,1,0,0,30
6940.06,1,1,0,4,26
6940.06,1,1,0,3,27
6943.04,1,1,0,7,23
6944.49,1,1,0,6,24
6949.31,1,1,0,7,23
6953.85,1,1,0,11,19
6966.5,0,2,0,11,19
6969.62,0,2,0,13,17
6981.18,0,2,0,11,19
6981.66,0,2,0,13,17
7007.66,0,2,0,15,15
7014.07,0,2,0,13,17
7020.68,0,2,0,15,15
7033,0,2,0,16,14
7033,0,2,0,0,30
7039.32,0,2,0,1,29
7039.32,0,2,0,0,30
7050.92,0,2,0,4,26
7050.92,0,2,0,0,30
7089.37,0,1,0,1,30
7118.02,0,0,0,2,30
7118.02,0,0,0,0,32
7128.56,0,0,0,16,16
7128.56,0,0,0,14,18
7128.56,0,0,0,6,26
7128.56,0,0,0,2,30
7128.56,0,0,0,0,32
7138.61,0,0,0,4,28
7138.61,0,0,0,2,30
7138.61,0,0,0,0,32
7145.22,0,0,0,2,30
7145.22,0,0,0,1,31
7200,0,0,1,0,31
7206.1,1,0,0,0,31
7206.1,0,1,0,0,31
7207.41,0,1,0,1,30
7209.27,0,1,0,9,22
7209.27,0,1,0,8,23
7209.27,0,1,0,6,25
7209.27,0,1,0,2,29
7209.27,0,1,0,0,31
7213.26,0,1,0,4,27
7213.26,0,1,0,2,29
7213.26,0,1,0,0,31
7215.88,0,1,0,2,29
7215.88,0,1,0,1,30
7233.73,0,1,0,2,29
7233.73,0,1,0,0,31
7236.21,0,1,0,2,29
7236.21,0,1,0,0,31
7246.43,0,1,0,2,29
7246.43,0,1,0,0,31
7253.04,0,1,0,2,29
7261.94,0,1,0,0,31
7268.55,0,1,0,2,29
7269.51,0,1,0,4,27
7269.51,0,1,0,0,31
7280.5,0,1,0,4,27
7280.5,0,1,0,3,28
7280.5,0,1,0,1,30
7304.39,0,1,0,2,29
7304.39,0,1,0,0,31
7319.31,0,1,0,1,30
7350.22,0,1,0,3,28
7350.22,0,1,0,2,29
7350.22,0,1,0,0,31
7357.2,0,1,0,4,27
7357.2,0,1,0,0,31
7357.62,0,0,0,1,31
7357.62,0,0,0,0,32
7369.01,0,0,0,1,31
7374.68,0,0,0,3,29
7374.68,0,0,0,1,31
7381.29,0,0,0,3,29
7393.13,0,0,0,7,25
7393.13,0,0,0,3,29
7397.12,0,0,0,7,25
7404.41,0,0,0,9,23
7404.41,0,0,0,8,24
7404.41,0,0,0,0,32
7446.13,0,0,0,1,31
7446.13,0,0,0,0,32
7453.21,0,0,0,8,24
7453.21,0,0,0,7,25
7453.21,0,0,0,6,26
7453.21,0,0,0,4,28
7453.21,0,0,0,0,32
7479.06,0,0,0,2,30
7479.06,0,0,0,4,28
7479.06,0,0,0,2,30
7479.06,0,0,0,0,32
7502.01,0,0,0,2,30
7502.01,0,0,0,1,31
7502.01,0,0,0,0,32
7515.29,0,0,0,2,30
7515.29,0,0,0,1,31
7515.29,0,0,0,0,32
7518.11,0,0,0,2,30
7521.01,0,0,0,4,28
7522.65,0,0,0,2,30
7540.9,0,0,0,6,26
7540.9,0,0,0,2,30
7541.72,0,0,0,3,29
7546.3,0,0,0,5,27
7549.13,0,0,0,7,25
7557.59,0,0,0,11,21
7558.04,0,0,0,10,22
7567.3,0,0,0,11,21
7570.19,0,0,0,13,19
7570.19,0,0,0,11,21
7580.83,0,0,0,9,23
7590.52,0,0,0,10,22
7595.75,0,0,0,11,21
7595.75,0,0,1,10,21
7596.77,0,0,1,8,23
7601.85,1,0,0,8,23
7602.36,1,0,0,4,27
7603.38,1,0,0,6,25
7606.35,1,0,0,10,21
7607.31,1,0,0,12,19
7619.19,1,0,0,11,20
7620.01,1,0,0,13,18
7620.01,1,0,0,15,16
7628.45,1,0,0,16,15
7628.45,1,0,0,0,31
7630.21,1,0,0,1,30
7630.21,1,0,1,0,30
7636.31,2,0,0,0,30
7636.31,0,2,0,0,30
7638.79,0,2,0,16,14
7638.79,0,2,0,12,18
7638.79,0,2,0,10,20
7646.4,0,2,0,9,21
7658.39,0,2,0,5,25
7662.81,0,2,0,1,29
7684.4,0,2,0,2,28
7684.4,0,2,0,0,30
7691.01,0,2,0,2,28
7711.14,0,2,0,4,26
7711.14,0,2,0,0,30
7711.61,0,2,0,2,28
7722.15,0,2,0,4,26
7722.15,0,2,0,0,30
7747.07,0,2,0,4,26
7747.07,0,2,0,3,27
7747.07,0,2,0,2,28
7747.07,0,2,0,0,30
7750.5,0,2,0,4,26
7750.5,0,2,0,2,28
7760.47,0,2,0,0,30
7773.55,0,2,0,2,28
7773.55,0,2,0,0,30
7776.98,0,2,0,2,28
7779.74,0,2,0,4,26
7779.74,0,2,0,0,30
7782,0,2,0,1,29
7787.83,0,0,0,3,29
7787.83,0,0,1,2,29
7790.73,0,0,1,6,25
7790.73,0,0,2,5,25
7793.93,1,0,1,5,25
7795.28,1,0,1,6,24
7796.43,1,0,1,10,20
7796.43,1,0,1,2,28
7796.43,1,0,3,0,28
7796.83,2,0,2,0,28
7800.03,2,0,2,2,26
7800.03,2,0,4,0,26
7802.53,4,0,2,0,26
7806.13,6,0,0,0,26
7807.76,2,4,0,0,26
7817.76,0,6,0,0,26
7832.61,0,6,0,1,25
7835.58,0,6,0,2,24
7835.58,0,6,0,3,23
7835.58,0,6,0,1,25
7839.69,0,6,0,2,24
7839.69,0,6,0,0,26
7845.23,0,6,0,8,18
7845.23,0,6,0,4,22
7845.23,0,6,0,0,26
7849.22,0,6,0,4,22
7849.22,0,6,0,0,26
7861.91,0,6,0,4,22
7861.91,0,6,0,3,23
7868.44,0,6,0,2,24
7885.02,0,6,0,0,26
7885.15,0,6,0,4,22
7885.15,0,6,0,0,26
7901.42,0,6,0,2,24
7901.77,0,6,0,3,23
7901.77,0,6,0,5,21
7901.84,0,6,0,9,17
7902.56,0,6,0,7,19
7906.52,0,6,0,5,21
7926.39,0,6,0,6,20
7933,0,6,0,8,18
7942.95,0,6,0,4,22
7943.81,0,6,0,6,20
7948.92,0,6,0,10,16
7956.95,0,6,0,11,15
7959.28,0,2,0,15,15
7967.99,0,2,0,14,16
7969.28,0,0,0,16,16
7969.28,0,0,0,0,32
7979.63,0,0,0,16,16
7979.63,0,0,0,14,18
7979.63,0,0,0,10,22
7979.63,0,0,10,0,22
7985.73,10,0,0,0,22
7985.73,8,2,0,0,22
7996.85,4,6,0,0,22
8012.68,4,6,0,4,18
8012.68,4,6,0,2,20
8012.68,4,6,0,0,22
8024.96,3,7,0,0,22
8030.64,3,7,0,4,18
8030.64,2,8,0,4,18
8037.65,1,9,0,4,18
8039.16,1,9,0,6,16
8039.16,0,10,0,6,16
8041.71,0,10,0,8,14
8041.71,0,10,0,0,22
8051.27,0,10,0,8,14
8051.27,0,10,0,4,18
8051.27,0,10,0,3,19
8065.63,0,10,0,2,20
8074.89,0,10,0,3,19
8101.38,0,10,0,5,17
8101.38,0,10,0,4,18
8137.25,0,8,0,6,18
8138.96,0,8,0,10,14
8138.96,0,8,0,2,22
8139.78,0,8,0,3,21
8141.9,0,8,0,4,20
8141.9,0,8,0,0,24
8148.37,0,4,0,4,24
8148.37,0,4,0,0,28
8153.63,0,4,0,2,26
8176.48,0,3,0,3,26
8177.83,0,3,0,7,22
8177.83,0,3,0,3,26
8182.16,0,2,0,4,26
8182.16,0,2,0,0,30
8187.76,0,2,0,8,22
8187.76,0,2,0,0,30
8189.17,0,1,0,1,30
8190.68,0,0,0,2,30
8190.68,0,0,0,0,32
8197.29,0,0,0,2,30
8197.29,0,0,0,0,32
8197.33,0,0,0,8,24
8197.33,0,0,0,4,28
8197.33,0,0,0,0,32
8236.06,0,0,0,4,28
8236.06,0,0,0,0,32
8270.16,0,0,0,4,28
8271.99,0,0,0,8,24
8271.99,0,0,0,0,32
8285.02,0,0,0,4,28
8285.02,0,0,0,3,29
8285.02,0,0,0,2,30
8285.02,0,0,0,0,32
8294.28,0,0,0,1,31
8354.47,0,0,0,2,30
8354.47,0,0,0,0,32
8373.53,0,0,0,1,31
8381.37,0,0,0,2,30
8381.37,0,0,0,0,32
8416.55,0,0,0,2,30
8416.55,0,0,0,0,32
8425.97,0,0,0,2,30
8428.34,0,0,0,0,32
8443.03,0,0,0,2,30
8443.03,0,0,0,0,32
8443.45,0,0,0,2,30
8443.45,0,0,1,1,30
8449.55,1,0,0,1,30
8451.07,1,0,0,9,22
8451.07,1,0,0,1,30
8454.82,1,0,0,3,28
8458.89,0,1,0,3,28
8463.09,0,1,0,5,26
8463.09,0,1,0,1,30
8468.36,0,1,0,5,26
8468.36,0,1,0,1,30
8468.36,0,1,0,0,31
8469.51,0,1,0,2,29
8472.69,0,1,0,6,25
8472.69,0,1,0,2,29
8472.69,0,1,0,0,31
8478.61,0,1,0,2,29
8487.86,0,1,0,6,25
8487.86,0,1,0,2,29
8496.15,0,1,0,4,27
8496.15,0,1,0,0,31
8504.29,0,1,0,4,27
8504.29,0,1,0,2,29
8504.29,0,1,0,0,31
8532.09,0,1,0,4,27
8532.09,0,1,0,0,31
8575.55,0,1,0,4,27
8575.55,0,1,0,0,31
8610.41,0,0,0,1,31
8610.41,0,0,0,0,32
8611.48,0,0,0,4,28
8611.48,0,0,0,2,30
8613.64,0,0,0,4,28
8613.64,0,0,0,0,32
8615.03,0,0,0,4,28
8615.03,0,0,0,2,30
8615.03,0,0,0,0,32
8617.64,0,0,0,4,28
8617.64,0,0,0,0,32
8621.63,0,0,0,4,28
8621.63,0,0,0,2,30
8621.63,0,0,0,0,32
8624.63,0,0,0,4,28
8624.63,0,0,0,0,32
8630.15,0,0,0,8,24
8630.15,0,0,0,7,25
8630.15,0,0,0,6,26
8630.15,0,0,0,4,28
8630.15,0,0,0,2,30
8630.15,0,0,0,0,32
8641.32,0,0,0,4,28
8641.32,0,0,4,0,28
8645.24,0,0,4,2,26
8645.24,0,0,6,0,26
8647.42,4,0,2,0,26
8648.11,4,0,2,2,24
8648.11,4,0,4,0,24
8648.15,3,1,4,0,24
8651.34,5,1,2,0,24
8651.34,4,2,2,0,24
8654.21,6,2,0,0,24
8654.21,5,3,0,0,24
8656.21,0,8,0,0,24
8656.64,0,8,0,2,22
8656.64,0,8,0,1,23
8665.89,0,8,0,2,22
8673.56,0,8,0,4,20
8673.56,0,8,0,0,24
8692.23,0,8,0,2,22
8692.23,0,8,0,0,24
8698.84,0,8,0,2,22
8698.84,0,8,0,1,23
8748.35,0,8,0,2,22
8748.35,0,8,0,0,24
8754.96,0,8,0,2,22
8754.96,0,8,0,0,24
8755.98,0,8,0,2,22
8755.98,0,8,0,0,24
8770.09,0,8,0,2,22
8770.09,0,8,0,0,24
8781.44,0,8,0,2,22
8787.35,0,8,0,3,21
8796.58,0,8,0,5,19
8796.58,0,8,0,1,23
8799.67,0,7,0,2,23
8802.86,0,6,0,3,23
8805.73,0,5,0,4,23
8805.73,0,5,0,0,27
8807.73,0,0,0,5,27
8807.73,0,0,0,4,28
8807.73,0,0,0,3,29
8807.73,0,0,3,0,29
8813.83,3,0,0,0,29
8816.99,3,0,0,1,28
8816.99,3,0,1,0,28
8818.24,1,2,1,0,28
8822.62,1,2,1,4,24
8822.62,1,2,1,2,26
8823.09,2,2,0,2,26
8825.5,2,2,0,6,22
8828.61,2,2,0,2,26
8832.51,2,2,0,6,22
8842.97,2,2,0,4,24
8853.77,2,2,0,0,28
8864.54,2,2,0,4,24
8869.45,2,2,0,6,22
8875.07,2,2,0,2,26
8880.83,2,2,0,4,24
8884.7,2,2,0,6,22
8891.76,2,2,0,10,18
8893.48,2,2,0,8,20
8896.24,2,2,0,9,19
8900.08,2,2,0,11,17
8901.57,2,2,0,9,19
8910.14,2,2,0,10,18
8913.65,2,2,0,8,20
8924.36,2,2,0,6,22
8925.14,2,2,0,5,23
8932.23,2,2,0,3,25
8934.4,2,2,0,4,24
8945.27,2,2,0,3,25
8957.67,2,2,0,7,21
8961.11,2,2,0,5,23
8969.76,2,0,0,7,23
8972.14,0,2,0,7,23
8975.73,0,2,0,9,21
8996.89,0,2,0,10,20
9007.48,0,2,0,9,21
9016.63,0,2,0,10,20
9016.74,0,2,0,11,19
9021.78,0,2,0,13,17
9022.23,0,2,0,12,18
9023.19,0,2,0,14,16
9031.48,0,2,0,15,15
9032.28,0,2,0,11,19
9036.27,0,2,0,15,15
9042.52,0,2,0,17,13
9042.52,0,2,0,1,29
9053.96,0,2,0,0,30
9084.52,0,2,0,16,14
9084.52,0,2,0,14,16
9084.52,0,2,0,12,18
9084.52,0,2,0,10,20
9084.52,0,2,0,8,22
9084.52,0,2,0,6,24
9088.5,0,2,0,5,25
9095.54,0,2,0,3,27
9111,0,2,0,5,25
9111,0,2,0,1,29
9123.66,0,0,0,3,29
9123.66,0,0,0,1,31
9123.66,0,0,1,0,31
9129.76,1,0,0,0,31
9144.3,1,0,0,4,27
9146.6,1,0,0,6,25
9156.54,1,0,0,2,29
9160.53,1,0,0,6,25
9181.9,0,1,0,6,25
9198.69,0,1,0,10,21
9198.69,0,1,0,9,22
9198.69,0,1,0,1,30
9208.26,0,1,0,9,22
9208.26,0,1,0,1,30
9215.22,0,1,0,3,28
9217.82,0,1,0,11,20
9217.82,0,1,0,7,24
9223.19,0,1,0,5,26
9223.74,0,1,0,7,24
9225.26,0,1,0,8,23
9227.95,0,1,0,6,25
9236.49,0,1,0,8,23
9238.3,0,1,0,6,25
9245.35,0,1,0,4,27
9250.7,0,1,0,3,28
9253.75,0,1,0,7,24
9270.73,0,1,0,5,26
9277.34,0,1,0,7,24
9286.24,0,1,0,6,25
9295.5,0,1,0,7,24
9303.11,0,1,0,6,25
9317.51,0,1,0,4,27
9330.75,0,1,0,3,28
9333.42,0,0,0,4,28
9333.42,0,0,4,0,28
9339.52,4,0,0,0,28
9339.52,0,4,0,0,28
9350.32,0,4,0,2,26
9350.32,0,4,0,4,24
9350.32,0,4,0,0,28
9368.9,0,4,0,2,26
9368.9,0,4,0,0,28
9386.3,0,4,0,2,26
9386.3,0,4,0,1,27
9389.46,0,4,0,3,25
9391.62,0,4,0,4,24
9395.56,0,4,0,5,23
9414.07,0,4,0,1,27
9418.06,0,4,0,5,23
9425.38,0,4,0,3,25
9438.86,0,4,0,1,27
9440.44,0,4,0,2,26
9451.86,0,4,0,4,24
9456.3,0,4,0,3,25
9465.84,0,4,0,1,27
9474.98,0,4,0,2,26
9477.68,0,4,0,0,28
9488.99,0,4,0,2,26
9489.4,0,4,0,0,28
9491.04,0,0,0,4,28
9491.04,0,0,4,0,28
9492.32,0,0,4,2,26
9492.32,0,0,6,0,26
9497.14,4,0,2,0,26
9498.42,6,0,0,0,26
9502.26,6,0,0,4,22
9502.26,6,0,4,0,22
9503.94,4,2,4,0,22
9504.1,4,2,4,2,20
9504.1,4,2,4,0,22
9508.36,8,2,0,0,22
9509.85,8,2,0,2,20
9517.95,8,2,0,4,18
9519.76,8,2,0,2,20
9525.82,8,2,0,4,18
9536.18,8,2,0,0,22
9575.99,6,4,0,0,22
9583.31,6,4,0,2,20
9583.31,6,4,0,0,22
9585.17,6,4,0,1,21
9588.57,5,5,0,1,21
9598.75,2,8,0,1,21
9600,0,10,0,1,21
9610.74,0,10,0,2,20
9610.74,0,10,0,0,22
9618.63,0,10,0,2,20
9618.63,0,10,0,0,22
9637.18,0,10,0,1,21
9645.11,0,10,0,3,19
9645.11,0,10,0,2,20
9645.39,0,10,0,4,18
9645.39,0,10,0,0,22
9655.46,0,8,0,2,22
9672.77,0,8,0,0,24
9678.11,0,8,0,2,22
9679.38,0,8,0,4,20
9682.9,0,8,0,0,24
9699.59,0,8,0,4,20
9699.59,0,8,0,3,21
9704.66,0,8,0,5,19
9719.5,0,8,0,3,21
9727.51,0,6,0,5,21
9733.62,0,6,0,6,20
9736.29,0,6,0,7,19
9737.4,0,6,0,3,23
9740.09,0,5,0,4,23
9750.27,0,2,0,7,23
9751.52,0,0,0,9,23
9751.52,0,0,9,0,23
9755.2,0,0,9,2,21
9755.2,0,0,9,0,23
9757.62,9,0,0,0,23
9763.92,8,1,0,0,23
9769.9,8,1,0,2,21
9769.9,8,1,0,1,22
9783.52,8,1,0,0,23
9785.56,8,1,0,2,21
9792.83,8,1,0,1,22
9797.33,8,1,0,5,18
9799.72,8,1,0,1,22
9813.78,7,2,0,1,22
9817.28,7,2,0,3,20
9817.28,7,2,0,1,22
9822.86,5,4,0,1,22
9826.71,5,4,0,5,18
9826.71,5,4,0,3,20
9840.38,5,4,0,2,21
9843.28,5,4,0,0,23
9853.19,5,4,0,2,21
9860.15,1,8,0,2,21
9860.45,1,8,0,4,19
9860.45,1,8,0,0,23
9865.75,0,9,0,0,23
9876.54,0,9,0,2,21
9876.54,0,9,0,1,22
9889.34,0,9,0,5,18
9889.34,0,9,0,3,20
9889.34,0,9,0,2,21
9896.38,0,9,0,6,17
9900.16,0,9,0,5,18
9915.44,0,8,0,6,18
9915.82,0,8,0,8,16
9929.41,0,8,0,7,17
9965.05,0,8,0,8,16
9965.3,0,7,0,9,16
9974.38,0,5,0,11,16
9979.58,0,5,0,12,15
10011.7,0,1,0,16,15
10011.7,0,1,0,0,31
10017.3,0,0,0,1,31
10017.3,0,0,1,0,31
10023.4,1,0,0,0,31
10029.2,0,1,0,0,31
10053.7,0,1,0,16,15
10053.7,0,1,0,14,17
10053.7,0,1,0,13,18
10053.7,0,1,0,5,26
10053.7,0,1,0,3,28
10053.7,0,1,0,1,30
10063.2,0,1,0,9,22
10063.2,0,1,0,7,24
10063.2,0,1,0,5,26
10065.8,0,1,0,3,28
10069.8,0,1,0,5,26
10072.6,0,1,0,1,30
10076.6,0,1,0,5,26
10083.1,0,1,0,7,24
10090.3,0,1,0,11,20
10094.7,0,1,0,10,21
10107.8,0,1,0,8,23
10115.8,0,1,0,10,21
10125.3,0,1,0,12,19
10133.2,0,1,0,8,23
10137.2,0,1,0,12,19
10143.1,0,1,0,11,20
10156.4,0,1,0,12,19
10157.7,0,1,0,11,20
10169.3,0,1,0,12,19
10170,0,1,0,13,18
10172.7,0,1,0,11,20
10179.3,0,1,0,12,19
10180.2,0,1,0,13,18
10180.8,0,0,0,14,18
10180.8,0,0,14,0,18
10183.2,0,0,14,1,17
10183.2,0,0,15,0,17
10186.9,14,0,1,0,17
10186.9,6,8,1,0,17
10189.3,7,8,0,0,17
10194.6,7,8,0,2,15
10201.8,7,8,0,0,17
10208.4,7,8,0,2,15
10216.5,5,10,0,2,15
10220.1,5,10,0,1,16
10220.1,3,12,0,1,16
10226.9,3,12,0,2,15
10226.9,1,14,0,2,15
10229.4,1,14,0,3,14
10231.6,1,14,0,4,13
10248,1,14,0,2,15
10248.8,1,14,0,4,13
10260.6,1,14,0,3,14
10269.8,1,14,0,4,13
10274.5,1,14,0,6,11
10308.7,0,15,0,6,11
10315.9,0,15,0,7,10
10315.9,0,15,0,6,11
10319.5,0,15,0,8,9
10319.5,0,15,0,0,17
10329,0,15,0,8,9
10329,0,15,0,6,11
10329,0,15,0,4,13
10333.7,0,15,0,5,12
10338.4,0,7,0,13,12
10338.4,0,7,0,11,14
10338.4,0,7,0,9,16
10338.4,0,7,0,1,24
10342.8,0,7,0,0,25
10368,0,5,0,2,25
10371.7,0,3,0,4,25
10371.7,0,3,0,0,29
10378.4,0,1,0,2,29
10378.4,0,1,0,0,31
10385,0,1,0,2,29
10395.9,0,1,0,1,30
10405.1,0,1,0,2,29
10416.7,0,1,0,0,31
10419.1,0,1,0,8,23
10431.3,0,1,0,9,22
10432.6,0,1,0,5,26
10436.6,0,1,0,9,22
10436.9,0,1,0,11,20
10437.7,0,1,0,12,19
10441.4,0,1,0,10,21
10458.2,0,1,0,9,22
10460.2,0,0,0,10,22
10460.2,0,0,10,0,22
10466.3,10,0,0,0,22
10467.9,10,0,0,2,20
10467.9,10,0,2,0,20
10470,10,0,2,2,18
10470,10,0,4,0,18
10470.2,8,2,4,0,18
10474,10,2,2,0,18
10474,8,4,2,0,18
10476.1,10,4,0,0,18
10476.1,8,6,0,0,18
10478.8,8,6,0,2,16
10478.8,8,6,0,0,18
10479.3,8,6,0,2,16
10498,8,6,0,1,17
10506.7,8,6,0,0,18
10514,4,10,0,0,18
10516,4,10,0,1,17
10516,0,14,0,1,17
10523.6,0,14,0,5,13
10523.6,0,14,0,1,17
10546.7,0,14,0,2,16
10546.7,0,14,0,0,18
10553.4,0,14,0,2,16
10553.4,0,14,0,0,18
10594.8,0,14,0,2,16
10611.3,0,14,0,6,12
10611.3,0,14,0,2,16
10611.3,0,14,0,0,18
10617.9,0,14,0,2,16
10621.7,0,12,0,4,16
10621.7,0,12,0,0,20
10625.5,0,10,0,2,20
10627.6,0,8,0,4,20
10627.6,0,8,0,0,24
10628,0,8,0,4,20
10628,0,8,0,0,24
10631.6,0,8,0,4,20
10631.6,0,8,0,2,22
10659.4,0,8,0,4,20
10659.4,0,8,0,0,24
10665.5,0,4,0,4,24
10665.5,0,4,0,3,25
10665.5,0,4,0,1,27
10667.5,0,0,0,5,27
10667.5,0,0,0,1,31
10667.5,0,0,0,0,32
10671.5,0,0,0,4,28
10671.5,0,0,4,0,28
10672.1,0,0,4,2,26
10672.1,0,0,6,0,26
10674.8,0,0,6,1,25
10674.8,0,0,7,0,25
10677.6,4,0,3,0,25
10677.6,3,1,3,0,25
10678.2,5,1,1,0,25
10678.2,4,2,1,0,25
10680.9,5,2,0,0,25
10680.9,4,3,0,0,25
10682.4,2,5,0,0,25
10691.2,0,7,0,0,25
10702.4,0,7,0,1,24
10702.4,0,7,0,0,25
10744.6,0,7,0,2,23
10744.6,0,7,0,1,24
10744.6,0,7,0,0,25
10753.8,0,7,0,1,24
10766.3,0,7,0,3,22
10766.3,0,7,0,1,24
10773.6,0,7,0,5,20
10773.6,0,7,0,3,22
10773.6,0,7,0,1,24
10829.1,0,6,0,2,24
10829.1,0,6,0,0,26
10829.7,0,5,0,1,26
10832.4,0,4,0,2,26
10832.4,0,4,0,0,28
10833.1,0,4,0,1,27
10833.9,0,2,0,3,27
10833.9,0,2,0,1,29
10839,0,2,0,3,27
10842.7,0,0,0,5,27
10842.7,0,0,5,0,27
10848.8,5,0,0,0,27
10855.6,5,0,0,2,25
10855.6,5,0,2,0,25
10861.7,7,0,0,0,25
10884.5,7,0,0,1,24
10884.5,7,0,1,0,24
10890.6,8,0,0,0,24
10918.5,8,0,0,4,20
10918.5,8,0,4,0,20
10924.6,12,0,0,0,20
10932,12,0,0,2,18
10932,12,0,2,0,18
10938.1,14,0,0,0,18
10950,14,0,0,4,14
10950,14,0,4,0,14
10956.1,18,0,0,0,14
10982.4,18,0,0,1,13
10982.4,18,0,1,0,13
10988.5,19,0,0,0,13
11032.1,19,0,0,2,11
11032.1,19,0,2,0,11
11038.2,21,0,0,0,11
11054,21,0,0,1,10
11054,21,0,1,0,10
11060.1,22,0,0,0,10
11099.7,22,0,0,2,8
11099.7,22,0,2,0,8
11105.8,24,0,0,0,8
11146.9,24,0,0,2,6
11146.9,24,0,2,0,6
11153,26,0,0,0,6
11225.2,26,0,0,2,4
11225.2,26,0,2,0,4
11231.3,28,0,0,0,4
11367.2,28,0,0,2,2
11367.2,28,0,0,4,0
11367.2,28,0,2,2,0
11367.2,28,0,4,0,0
11373.3,32,0,0,0,0
11373.3,32,0,0,0,0
16000,31,1,0,0,0
16000,30,2,0,0,0
16151.5,30,0,0,2,0
16151.5,30,0,0,2,0
16151.5,30,0,0,1,1
16151.5,30,0,1,0,1
16157.6,31,0,0,0,1
16240,31,0,0,1,0
16240,31,0,1,0,0
16246.1,32,0,0,0,0
