time,energy,event_type,epower
0,0,s,NA
4.70916,14315.9,s,3040
16.0039,48651.9,s,3040
38.8363,118062,s,3040
54.1959,164756,s,3040
70.3507,213866,s,3040
74.7683,227296,e,3040
88.51,269070,e,3040
95.4489,290165,s,3040
112.133,340884,e,3040
121.609,369693,s,3040
126.478,384494,s,3040
136.018,413496,s,3040
142.706,433826,e,3040
142.901,434419,s,3040
148.09,450195,e,3040
153.506,466657,s,3040
164.477,500010,s,3040
168.988,513723,s,3040
178.245,541864,e,3040
179.193,544747,s,3040
190.958,580512,e,3040
193.418,587992,s,3040
202.306,615009,e,3040
205.674,625249,e,3040
211.617,643316,s,3040
221.353,672915,s,3040
222.488,676365,s,3040
253.024,769192,s,3040
270.509,822348,e,3040
270.509,822348,s,NA
273.697,832039,e,3040
280.076,851432,e,3040
295.994,899822,e,3040
309.043,939492,e,3040
309.043,939492,s,NA
334.368,1.01648e+06,e,3040
334.368,1.01648e+06,s,NA
334.948,1.01824e+06,e,3040
334.948,1.01824e+06,s,NA
334.948,1.01824e+06,s,NA
334.948,1.01824e+06,s,NA
334.948,1.01824e+06,s,NA
336.459,1.02284e+06,s,3040
341.534,1.03826e+06,e,3040
346.187,1.05241e+06,s,3040
350.341,1.06504e+06,e,3040
358.858,1.09093e+06,s,3040
362.94,1.10334e+06,e,3040
370.88,1.12748e+06,e,3040
378.407,1.15036e+06,s,3040
389.081,1.18281e+06,s,3040
400.603,1.21783e+06,s,3040
419.568,1.27549e+06,s,3040
426.548,1.29671e+06,e,3040
435.468,1.32382e+06,s,3040
444.401,1.35098e+06,s,3040
461.949,1.40433e+06,e,3040
475.318,1.44497e+06,e,3040
475.318,1.44497e+06,s,NA
475.898,1.44673e+06,e,3040
477.591,1.45188e+06,e,3040
491.143,1.49307e+06,s,3040
497.752,1.51317e+06,e,3040
511.25,1.5542e+06,e,3040
511.25,1.5542e+06,s,NA
511.25,1.5542e+06,s,NA
513.018,1.55958e+06,e,3040
515.243,1.56634e+06,e,3040
515.243,1.56634e+06,s,NA
517.859,1.57429e+06,e,3040
530.088,1.61147e+06,s,3040
536.697,1.63156e+06,e,3040
545.978,1.65977e+06,s,3040
552.587,1.67986e+06,e,3040
571.932,1.73867e+06,s,3040
581.606,1.76808e+06,s,3040
588.215,1.78817e+06,e,3040
595.953,1.8117e+06,e,3040
595.953,1.8117e+06,s,NA
595.953,1.8117e+06,s,NA
600.748,1.82628e+06,e,3040
605.52,1.84078e+06,e,3040
605.52,1.84078e+06,s,NA
625.478,1.90145e+06,e,3040
625.478,1.90145e+06,s,NA
625.478,1.90145e+06,s,NA
626.177,1.90358e+06,e,3040
627.754,1.90837e+06,s,3040
658.033,2.00042e+06,e,3040
658.033,2.00042e+06,s,NA
658.397,2.00153e+06,e,3040
689.834,2.09709e+06,e,3040
689.834,2.09709e+06,s,NA
713.988,2.17052e+06,e,3040
713.988,2.17052e+06,s,NA
720.068,2.18901e+06,e,3040
720.068,2.18901e+06,s,NA
720.597,2.19062e+06,e,3040
720.597,2.19062e+06,s,NA
728.147,2.21357e+06,s,3040
734.931,2.23419e+06,e,3040
734.931,2.23419e+06,s,NA
736.491,2.23893e+06,e,3040
736.491,2.23893e+06,s,NA
737.404,2.24171e+06,e,3040
738.924,2.24633e+06,e,3040
743.1,2.25902e+06,e,3040
751.608,2.28489e+06,s,3040
772.938,2.34973e+06,s,3040
782.027,2.37736e+06,s,3040
787.083,2.39273e+06,e,3040
801.669,2.43707e+06,s,3040
804.558,2.44586e+06,e,3040
806.289,2.45112e+06,s,3040
809.107,2.45969e+06,e,3040
809.36,2.46045e+06,s,3040
813.688,2.47361e+06,e,3040
815.969,2.48055e+06,e,3040
817.328,2.48468e+06,s,3040
825.282,2.50886e+06,s,3040
826.585,2.51282e+06,e,3040
830.784,2.52558e+06,e,3040
836.033,2.54154e+06,s,3040
857.168,2.60579e+06,s,3040
861.417,2.61871e+06,s,3040
870.674,2.64685e+06,e,3040
873.852,2.65651e+06,e,3040
881.541,2.67989e+06,s,3040
890.179,2.70614e+06,e,3040
896.05,2.72399e+06,e,3040
904.844,2.75072e+06,s,3040
913.792,2.77793e+06,e,3040
913.888,2.77822e+06,e,3040
923.833,2.80845e+06,e,3040
924.519,2.81054e+06,s,3040
933.776,2.83868e+06,e,3040
952.448,2.89544e+06,e,3040
955.76,2.90551e+06,s,3040
958.412,2.91357e+06,e,3040
967.053,2.93984e+06,s,3040
975.146,2.96444e+06,s,3040
976.31,2.96798e+06,e,3040
985.868,2.99704e+06,e,3040
994.423,3.02305e+06,s,3040
995.991,3.02781e+06,s,3040
1012.68,3.07853e+06,e,3040
1013.16,3.08e+06,e,3040
1020.63,3.10271e+06,s,3040
1022.49,3.10837e+06,e,3040
1028.84,3.12768e+06,s,3040
1033.43,3.14162e+06,s,3040
1045.79,3.17921e+06,e,3040
1047.83,3.1854e+06,e,3040
1057.29,3.21417e+06,s,3040
1069.69,3.25187e+06,s,3040
1076.3,3.27196e+06,e,3040
1084.27,3.29619e+06,s,3040
1086.28,3.30229e+06,e,3040
1090.53,3.3152e+06,s,3040
1094.52,3.32734e+06,e,3040
1099.48,3.34241e+06,s,3040
1122.07,3.4111e+06,s,3040
1133.26,3.44512e+06,s,3040
1139.87,3.46521e+06,e,3040
1174.38,3.57011e+06,e,3040
1174.38,3.57011e+06,s,NA
1180.78,3.58958e+06,e,3040
1180.78,3.58958e+06,s,NA
1180.78,3.58958e+06,s,NA
1183.95,3.5992e+06,e,3040
1183.95,3.5992e+06,s,NA
1184.15,3.59982e+06,e,3040
1187.39,3.60967e+06,e,3040
1208.77,3.67466e+06,s,3040
1222.51,3.71644e+06,e,3040
1225.22,3.72468e+06,e,3040
1232.01,3.74531e+06,s,3040
1232.96,3.7482e+06,s,3040
1235.25,3.75517e+06,e,3040
1246.29,3.78872e+06,e,3040
1246.91,3.79062e+06,s,3040
1267.06,3.85186e+06,s,3040
1273.07,3.87014e+06,s,3040
1274.41,3.87422e+06,e,3040
1282.33,3.89828e+06,e,3040
1287.15,3.91295e+06,s,3040
1296.41,3.94109e+06,e,3040
1300.47,3.95343e+06,s,3040
1361.63,4.13934e+06,e,3040
1363.03,4.1436e+06,e,3040
1363.03,4.1436e+06,s,NA
1363.03,4.1436e+06,s,NA
1363.03,4.1436e+06,s,NA
1369.64,4.16369e+06,e,3040
1369.64,4.16369e+06,s,NA
1373.91,4.17669e+06,e,3040
1373.91,4.17669e+06,s,NA
1377.33,4.18708e+06,s,3040
1381.18,4.19879e+06,e,3040
1390.01,4.22562e+06,e,3040
1390.02,4.22565e+06,s,3040
1414.99,4.30157e+06,s,3040
1425,4.332e+06,s,3040
1441.47,4.38207e+06,e,3040
1441.47,4.38207e+06,s,NA
1446.58,4.39761e+06,e,3040
1455.41,4.42444e+06,s,3040
1500.95,4.5629e+06,s,3040
1503.98,4.57209e+06,e,3040
1510.21,4.59104e+06,e,3040
1512,4.59648e+06,e,3040
1512,4.59648e+06,s,NA
1526.9,4.64179e+06,e,3040
1528.68,4.6472e+06,e,3040
1530.64,4.65315e+06,s,3040
1559.89,4.74205e+06,s,3040
1569.1,4.77005e+06,e,3040
1569.1,4.77005e+06,s,NA
1578.35,4.79819e+06,e,3040
1580.2,4.8038e+06,s,3040
1589.46,4.83194e+06,e,3040
1614.22,4.90722e+06,e,3040
1619.15,4.92223e+06,e,3040
1650.88,5.01869e+06,e,3040
1653.54,5.02676e+06,e,3040
1653.56,5.02681e+06,e,3040
1653.56,5.02681e+06,s,NA
1653.56,5.02681e+06,s,NA
1653.56,5.02681e+06,s,NA
1657.32,5.03825e+06,e,3040
1679.46,5.10556e+06,e,3040
1679.46,5.10556e+06,s,NA
1679.46,5.10556e+06,s,NA
1679.46,5.10556e+06,s,NA
1679.46,5.10556e+06,s,NA
1679.46,5.10556e+06,s,NA
1690.8,5.14003e+06,e,3040
1690.8,5.14003e+06,s,NA
1698.31,5.16287e+06,s,3040
1702.31,5.17501e+06,e,3040
1711.83,5.20395e+06,e,3040
1711.83,5.20395e+06,s,NA
1711.83,5.20395e+06,s,NA
1721.46,5.23324e+06,e,3040
1760.63,5.3523e+06,e,3040
1760.63,5.3523e+06,s,NA
1760.63,5.3523e+06,s,NA
1764.37,5.36369e+06,s,3040
1770.98,5.38378e+06,e,3040
1775.97,5.39893e+06,s,3040
1787.11,5.4328e+06,e,3040
1787.11,5.4328e+06,s,NA
1802.45,5.47944e+06,e,3040
1813.59,5.5133e+06,e,3040
1820.41,5.53405e+06,e,3040
1838.38,5.58867e+06,s,3040
1848.32,5.61888e+06,e,3040
1850.95,5.6269e+06,s,3040
1852.78,5.63244e+06,e,3040
1864.63,5.66849e+06,s,3040
1886.89,5.73613e+06,e,3040
1886.89,5.73613e+06,s,NA
1926.89,5.85774e+06,e,3040
1926.89,5.85774e+06,s,NA
1945.26,5.91359e+06,e,3040
1945.26,5.91359e+06,s,NA
1953.14,5.93756e+06,e,3040
1959.45,5.95673e+06,e,3040
1962.82,5.96697e+06,e,3040
1963.23,5.9682e+06,e,3040
1963.23,5.9682e+06,s,NA
1963.23,5.9682e+06,s,NA
1967.5,5.9812e+06,e,3040
1967.6,5.98149e+06,e,3040
1967.6,5.98149e+06,s,NA
1969.93,5.98857e+06,e,3040
1969.99,5.98877e+06,e,3040
1969.99,5.98877e+06,s,NA
1971.74,5.9941e+06,e,3040
1971.74,5.9941e+06,s,NA
1999.16,6.07744e+06,e,3040
1999.16,6.07744e+06,s,NA
1999.16,6.07744e+06,s,NA
2011.99,6.11645e+06,e,3040
2011.99,6.11645e+06,s,NA
2011.99,6.11645e+06,s,NA
2011.99,6.11645e+06,s,NA
2011.99,6.11645e+06,s,NA
2011.99,6.11645e+06,s,NA
2014.43,6.12388e+06,s,3040
2018.6,6.13654e+06,e,3040
2018.6,6.13654e+06,e,NA
2021.04,6.14397e+06,e,3040
2023.46,6.15132e+06,s,3040
2038.47,6.19695e+06,e,3040
2040.04,6.20171e+06,e,3040
2040.04,6.20171e+06,e,NA
2047.48,6.22434e+06,s,3040
2049,6.22895e+06,e,3040
2052.47,6.2395e+06,s,3040
2054.09,6.24443e+06,e,3040
2078.95,6.32e+06,e,3040
2078.95,6.32e+06,s,NA
2100.5,6.38552e+06,e,3040
2100.5,6.38552e+06,s,NA
2109.76,6.41366e+06,e,3040
2109.76,6.41366e+06,s,NA
2174.51,6.61051e+06,e,3040
2174.51,6.61051e+06,s,NA
2174.51,6.61051e+06,s,NA
2174.51,6.61051e+06,s,NA
2174.51,6.61051e+06,s,NA
2174.51,6.61051e+06,s,NA
2174.85,6.61153e+06,s,3040
2181.12,6.6306e+06,e,3040
2183.77,6.63865e+06,e,3040
2183.77,6.63865e+06,e,NA
2187.19,6.64907e+06,s,3040
2204.77,6.7025e+06,s,3040
2217.84,6.74224e+06,s,3040
2224.45,6.76233e+06,e,3040
2225.89,6.7667e+06,s,3040
2236.59,6.79923e+06,e,3040
2236.59,6.79923e+06,e,NA
2237.54,6.80213e+06,e,3040
2249,6.83695e+06,s,3040
2264.96,6.88547e+06,e,3040
2264.96,6.88547e+06,e,NA
2273.05,6.91008e+06,e,3040
2274.1,6.91326e+06,s,3040
2274.88,6.91564e+06,e,3040
2282.36,6.93837e+06,s,3040
2284.39,6.94455e+06,e,3040
2301.22,6.99571e+06,s,3040
2313.92,7.0343e+06,s,3040
2330.61,7.08506e+06,s,3040
2340.18,7.11414e+06,e,3040
2341.78,7.119e+06,s,3040
2345.72,7.13099e+06,e,3040
2349.71,7.1431e+06,e,3040
2363.3,7.18443e+06,e,3040
2363.3,7.18443e+06,s,NA
2372.87,7.21351e+06,e,3040
2372.87,7.21351e+06,s,NA
2372.87,7.21351e+06,s,NA
2382.47,7.24272e+06,s,3040
2389.08,7.26281e+06,e,3040
2389.55,7.26423e+06,e,3040
2389.75,7.26483e+06,e,3040
2399.35,7.29402e+06,e,3040
2404.63,7.31008e+06,s,3040
2422.49,7.36436e+06,e,3040
2434.3,7.40027e+06,e,3040
2438.44,7.41287e+06,s,3040
2453.4,7.45834e+06,s,3040
2459.23,7.47607e+06,s,3040
2487.24,7.56122e+06,e,3040
2487.24,7.56122e+06,s,NA
2492.32,7.57665e+06,e,3040
2502.2,7.60669e+06,e,3040
2502.2,7.60669e+06,s,NA
2512.16,7.63698e+06,s,3040
2512.55,7.63814e+06,e,3040
2518.77,7.65707e+06,e,3040
2524.36,7.67405e+06,s,3040
2526.39,7.68023e+06,s,3040
2536.55,7.7111e+06,s,3040
2545.8,7.73925e+06,e,3040
2554.09,7.76442e+06,e,3040
2560.29,7.78329e+06,e,3040
2562.48,7.78993e+06,s,3040
2571.73,7.81807e+06,e,3040
2578.74,7.83937e+06,s,3040
2595.42,7.89009e+06,e,3040
2598.7,7.90003e+06,s,3040
2600.18,7.90456e+06,e,3040
2604.28,7.91701e+06,s,3040
2605.58,7.92096e+06,e,3040
2612.37,7.9416e+06,e,3040
2614.99,7.94956e+06,s,3040
2617.05,7.95583e+06,e,3040
2618.28,7.95957e+06,s,3040
2623.61,7.97577e+06,s,3040
2624.89,7.97966e+06,e,3040
2635.48,8.01185e+06,e,3040
2644.56,8.03946e+06,s,3040
2650.01,8.05604e+06,s,3040
2655.28,8.07206e+06,s,3040
2666.36,8.10574e+06,e,3040
2666.36,8.10574e+06,s,NA
2666.7,8.10676e+06,e,3040
2671.15,8.12029e+06,s,3040
2671.97,8.12278e+06,e,3040
2677.07,8.13828e+06,e,3040
2689.85,8.17714e+06,s,3040
2700.4,8.2092e+06,e,3040
2768.44,8.41604e+06,e,3040
2770.56,8.4225e+06,e,3040
2770.56,8.4225e+06,s,NA
2770.56,8.4225e+06,s,NA
2772.89,8.42958e+06,e,3040
2772.89,8.42958e+06,s,NA
2772.89,8.42958e+06,s,NA
2772.89,8.42958e+06,s,NA
2777.49,8.44357e+06,s,3040
2779.5,8.44967e+06,e,3040
2779.5,8.44967e+06,e,NA
2784.1,8.46366e+06,e,3040
2791.96,8.48756e+06,s,3040
2797.04,8.503e+06,e,3040
2802.69,8.52018e+06,e,3040
2805.08,8.52745e+06,s,3040
2812.1,8.54877e+06,e,3040
2818.09,8.56699e+06,s,3040
2827.32,8.59505e+06,s,3040
2827.34,8.59513e+06,e,3040
2843.74,8.64497e+06,s,3040
2857.39,8.68647e+06,s,3040
2872.97,8.73382e+06,s,3040
2889.23,8.78324e+06,e,3040
2892.68,8.79375e+06,s,3040
2899.29,8.81384e+06,e,3040
2901.28,8.8199e+06,s,3040
2912.87,8.85513e+06,e,3040
2913.84,8.85807e+06,e,3040
2914.1,8.85888e+06,s,3040
2923.9,8.88865e+06,s,3040
2933.15,8.91679e+06,e,3040
2939.94,8.9374e+06,s,3040
2944.59,8.95155e+06,s,3040
2945.9,8.95554e+06,e,3040
2947.98,8.96186e+06,s,3040
2972.17,9.03539e+06,s,3040
2988.17,9.08404e+06,s,3040
2998.06,9.1141e+06,s,3040
3013.92,9.16231e+06,e,3040
3024.1,9.19328e+06,e,3040
3024.1,9.19328e+06,s,NA
3033.1,9.22062e+06,e,3040
3035.33,9.22741e+06,s,3040
3060.14,9.30282e+06,e,3040
3060.14,9.30282e+06,s,NA
3072.9,9.34163e+06,e,3040
3072.9,9.34163e+06,s,NA
3072.9,9.34163e+06,s,NA
3076.9,9.35377e+06,e,3040
3080.83,9.36574e+06,e,3040
3085.07,9.37862e+06,e,3040
3088.93,9.39035e+06,e,3040
3099.44,9.42229e+06,s,3040
3109.54,9.45301e+06,e,3040
3115.55,9.47127e+06,s,3040
3127.07,9.50629e+06,s,3040
3136.33,9.53443e+06,e,3040
3150.53,9.57762e+06,s,3040
3162.74,9.61472e+06,s,3040
3169,9.63375e+06,s,3040
3172.99,9.64588e+06,e,3040
3178.44,9.66246e+06,e,3040
3198.08,9.72216e+06,s,3040
3203.24,9.73785e+06,e,3040
3204.63,9.74209e+06,e,3040
3213.8,9.76995e+06,e,3040
3213.81,9.76997e+06,s,3040
3223.06,9.79811e+06,e,3040
3237.63,9.84238e+06,s,3040
3238.15,9.84398e+06,e,3040
3239.04,9.84669e+06,e,3040
3249.39,9.87815e+06,s,3040
3259.95,9.91025e+06,e,3040
3260.16,9.91088e+06,e,3040
3260.26,9.91119e+06,s,3040
3266.87,9.93128e+06,e,3040
3275.55,9.95767e+06,s,3040
3287.76,9.9948e+06,e,3040
3288.97,9.99847e+06,s,3040
3292.96,1.00106e+07,e,3040
3296.93,1.00227e+07,s,3040
3299.71,1.00311e+07,e,3040
3311.47,1.00669e+07,e,3040
3318.43,1.0088e+07,s,3040
3325.04,1.01081e+07,e,3040
3325.94,1.01109e+07,e,3040
3326.42,1.01123e+07,e,3040
3337.63,1.01464e+07,e,3040
3338.7,1.01497e+07,e,3040
3342.06,1.01599e+07,s,3040
3356.93,1.02051e+07,s,3040
3358.65,1.02103e+07,e,3040
3367.24,1.02364e+07,s,3040
3375.06,1.02602e+07,s,3040
3376.8,1.02655e+07,e,3040
3397.41,1.03281e+07,s,3040
3419.9,1.03965e+07,s,3040
3430.57,1.04289e+07,e,3040
3442.53,1.04653e+07,s,3040
3450.16,1.04885e+07,s,3040
3459.49,1.05168e+07,e,3040
3465.66,1.05356e+07,s,3040
3469.01,1.05458e+07,e,3040
3474.92,1.05638e+07,e,3040
3481.06,1.05824e+07,s,3040
3494.32,1.06227e+07,s,3040
3507.54,1.06629e+07,e,3040
3511,1.06734e+07,e,3040
3513.32,1.06805e+07,s,3040
3529.05,1.07283e+07,s,3040
3538.62,1.07574e+07,e,3040
3548.89,1.07886e+07,s,3040
3549.22,1.07896e+07,e,3040
3565.46,1.0839e+07,s,3040
3575.4,1.08692e+07,e,3040
3578.75,1.08794e+07,s,3040
3601.88,1.09497e+07,s,3040
3626.71,1.10252e+07,s,3040
3628.92,1.10319e+07,e,3040
3634.13,1.10477e+07,s,3040
3640.83,1.10681e+07,e,3040
3647.46,1.10883e+07,e,3040
3658.98,1.11233e+07,s,3040
3665.59,1.11434e+07,e,3040
3689.84,1.12171e+07,e,3040
3693.03,1.12268e+07,e,3040
3696.71,1.1238e+07,s,3040
3699.89,1.12477e+07,e,3040
3715.15,1.12941e+07,s,3040
3725.64,1.1326e+07,s,3040
3733.48,1.13498e+07,s,3040
3740.69,1.13717e+07,e,3040
3745.37,1.13859e+07,s,3040
3747.49,1.13924e+07,e,3040
3754.63,1.14141e+07,e,3040
3762,1.14365e+07,s,3040
3767.66,1.14537e+07,e,3040
3775.08,1.14762e+07,e,3040
3781.12,1.14946e+07,s,3040
3793.53,1.15323e+07,s,3040
3814.01,1.15946e+07,s,3040
3814.15,1.1595e+07,e,3040
3818,1.16067e+07,e,3040
3821.17,1.16164e+07,e,3040
3838.36,1.16686e+07,s,3040
3842.35,1.16808e+07,e,3040
3850.27,1.17048e+07,s,3040
3877.06,1.17863e+07,s,3040
3881.87,1.18009e+07,e,3040
3890.52,1.18272e+07,e,3040
3896.14,1.18443e+07,s,3040
3902.95,1.1865e+07,e,3040
3910.07,1.18866e+07,s,3040
3922.07,1.19231e+07,e,3040
3934.85,1.19619e+07,s,3040
3937.48,1.19699e+07,s,3040
3943.06,1.19869e+07,s,3040
3945.47,1.19942e+07,e,3040
3948.87,1.20046e+07,s,3040
3958.83,1.20349e+07,s,3040
3971.18,1.20724e+07,s,3040
3975.35,1.20851e+07,e,3040
3977.79,1.20925e+07,e,3040
3983.02,1.21084e+07,s,3040
3984.65,1.21133e+07,e,3040
3987.24,1.21212e+07,e,3040
3991.22,1.21333e+07,e,3040
3993.26,1.21395e+07,s,3040
3995.14,1.21452e+07,e,3040
3999.52,1.21585e+07,s,3040
4004.7,1.21743e+07,s,3040
4006.13,1.21786e+07,e,3040
4017.33,1.22127e+07,s,3040
4025.99,1.2239e+07,e,3040
4036.95,1.22723e+07,s,3040
4053.82,1.23236e+07,s,3040
4062.19,1.23491e+07,s,3040
4080.35,1.24043e+07,s,3040
4080.95,1.24061e+07,e,3040
4084.01,1.24154e+07,e,3040
4086.96,1.24243e+07,e,3040
4087.16,1.2425e+07,s,3040
4089.75,1.24328e+07,e,3040
4093.21,1.24434e+07,e,3040
4099.45,1.24623e+07,s,3040
4105.02,1.24793e+07,e,3040
4143.14,1.25952e+07,s,3040
4159.05,1.26435e+07,e,3040
4165.58,1.26634e+07,s,3040
4172.19,1.26835e+07,e,3040
4175.87,1.26946e+07,e,3040
4175.87,1.26946e+07,s,NA
4177.43,1.26994e+07,e,3040
4177.43,1.26994e+07,s,NA
4185.68,1.27245e+07,s,3040
4187.96,1.27314e+07,e,3040
4206.48,1.27877e+07,s,3040
4214.13,1.2811e+07,e,3040
4231.65,1.28642e+07,e,3040
4238.82,1.2886e+07,e,3040
4238.88,1.28862e+07,s,3040
4247.76,1.29132e+07,e,3040
4250.84,1.29226e+07,s,3040
4252.83,1.29286e+07,s,3040
4254.83,1.29347e+07,e,3040
4263.54,1.29612e+07,e,3040
4266.98,1.29716e+07,s,3040
4269.51,1.29793e+07,e,3040
4292.88,1.30504e+07,e,3040
4292.88,1.30504e+07,s,NA
4298.47,1.30674e+07,e,3040
4300.41,1.30733e+07,s,3040
4300.96,1.30749e+07,e,3040
4310.61,1.31043e+07,s,3040
4318.38,1.31279e+07,e,3040
4331.17,1.31668e+07,s,3040
4352.96,1.3233e+07,e,3040
4355.16,1.32397e+07,s,3040
4361.17,1.3258e+07,s,3040
4362.49,1.3262e+07,e,3040
4382.47,1.33227e+07,s,3040
4391.73,1.33508e+07,e,3040
4397,1.33669e+07,s,3040
4403.61,1.3387e+07,e,3040
4415.12,1.3422e+07,s,3040
4417.24,1.34284e+07,e,3040
4419.68,1.34358e+07,e,3040
4423.43,1.34472e+07,e,3040
4432.9,1.3476e+07,s,3040
4437.09,1.34887e+07,s,3040
4442.16,1.35042e+07,e,3040
4448.05,1.35221e+07,s,3040
4455.81,1.35457e+07,s,3040
4457.31,1.35502e+07,e,3040
4459.1,1.35557e+07,s,3040
4465.07,1.35738e+07,e,3040
4468.34,1.35837e+07,s,3040
4487.8,1.36429e+07,s,3040
4490.85,1.36522e+07,s,3040
4499.17,1.36775e+07,e,3040
4502.12,1.36865e+07,e,3040
4503.63,1.3691e+07,e,3040
4503.63,1.3691e+07,s,NA
4504.48,1.36936e+07,e,3040
4509.22,1.3708e+07,e,3040
4510.22,1.37111e+07,s,3040
4528.44,1.37665e+07,e,3040
4537.39,1.37937e+07,s,3040
4540.42,1.38029e+07,s,3040
4544,1.38138e+07,e,3040
4553.35,1.38422e+07,s,3040
4560.62,1.38643e+07,s,3040
4576.61,1.39129e+07,e,3040
4586.12,1.39418e+07,s,3040
4592.96,1.39626e+07,s,3040
4592.96,1.39626e+07,e,3040
4604.98,1.39991e+07,s,3040
4609.29,1.40122e+07,e,3040
4612.6,1.40223e+07,e,3040
4629.44,1.40735e+07,s,3040
4631.8,1.40807e+07,e,3040
4641.86,1.41112e+07,e,3040
4649.32,1.41339e+07,s,3040
4651.17,1.41396e+07,e,3040
4653.78,1.41475e+07,e,3040
4665.82,1.41841e+07,s,3040
4666,1.41847e+07,e,3040
4681.37,1.42314e+07,e,3040
4686.67,1.42475e+07,s,3040
4706.7,1.43084e+07,s,3040
4717.95,1.43426e+07,e,3040
4721.21,1.43525e+07,s,3040
4739.09,1.44068e+07,e,3040
4739.72,1.44087e+07,s,3040
4747.69,1.4433e+07,e,3040
4756.16,1.44587e+07,s,3040
4777.29,1.4523e+07,s,3040
4787.24,1.45532e+07,s,3040
4793.97,1.45737e+07,e,3040
4796.64,1.45818e+07,s,3040
4800.56,1.45937e+07,s,3040
4801.8,1.45975e+07,e,3040
4808.28,1.46172e+07,s,3040
4814.89,1.46373e+07,e,3040
4825.94,1.46709e+07,s,3040
4827.62,1.4676e+07,e,3040
4832.57,1.4691e+07,e,3040
4854.45,1.47575e+07,s,3040
4858.64,1.47703e+07,e,3040
4869.16,1.48022e+07,s,3040
4875.75,1.48223e+07,e,3040
4883.95,1.48472e+07,s,3040
4884.53,1.4849e+07,s,3040
4890.49,1.48671e+07,s,3040
4891.13,1.4869e+07,e,3040
4902.8,1.49045e+07,s,3040
4904.2,1.49088e+07,e,3040
4913.63,1.49374e+07,e,3040
4918.43,1.4952e+07,s,3040
4931.24,1.4991e+07,e,3040
4931.62,1.49921e+07,e,3040
4939.87,1.50172e+07,s,3040
4943.41,1.5028e+07,s,3040
4947.1,1.50392e+07,e,3040
4967.4,1.51009e+07,s,3040
4974.01,1.5121e+07,e,3040
4979.44,1.51375e+07,e,3040
4980.28,1.514e+07,s,3040
4988.11,1.51639e+07,s,3040
4993.47,1.51801e+07,s,3040
4995.4,1.5186e+07,e,3040
5000.91,1.52028e+07,s,3040
5004.6,1.5214e+07,s,3040
5010.65,1.52324e+07,s,3040
5019.95,1.52606e+07,e,3040
5021.96,1.52668e+07,e,3040
5027.34,1.52831e+07,e,3040
5037.75,1.53148e+07,s,3040
5043.75,1.5333e+07,e,3040
5047.01,1.53429e+07,e,3040
5049.22,1.53496e+07,s,3040
5050.19,1.53526e+07,e,3040
5052.76,1.53604e+07,s,3040
5059.38,1.53805e+07,e,3040
5069.74,1.5412e+07,s,3040
5081.41,1.54475e+07,s,3040
5085.41,1.54596e+07,e,3040
5091.9,1.54794e+07,s,3040
5093.11,1.54831e+07,e,3040
5110.16,1.55349e+07,s,3040
5121.23,1.55685e+07,e,3040
5127.95,1.5589e+07,s,3040
5134.56,1.5609e+07,e,3040
5137.73,1.56187e+07,e,3040
5149.75,1.56552e+07,e,3040
5154.66,1.56702e+07,s,3040
5168.38,1.57119e+07,s,3040
5172.24,1.57236e+07,e,3040
5174.99,1.5732e+07,e,3040
5181.14,1.57507e+07,e,3040
5183.65,1.57583e+07,s,3040
5187.97,1.57714e+07,s,3040
5196.52,1.57974e+07,s,3040
5200.33,1.5809e+07,e,3040
5204.7,1.58223e+07,e,3040
5205.67,1.58252e+07,e,3040
5209.21,1.5836e+07,e,3040
5216.99,1.58597e+07,s,3040
5219.82,1.58683e+07,s,3040
5221.68,1.58739e+07,e,3040
5235.18,1.59149e+07,s,3040
5250.08,1.59602e+07,s,3040
5252.81,1.59685e+07,s,3040
5262.25,1.59972e+07,s,3040
5266.71,1.60108e+07,e,3040
5268.86,1.60173e+07,e,3040
5278.66,1.60471e+07,s,3040
5279.07,1.60484e+07,e,3040
5279.29,1.6049e+07,e,3040
5285.26,1.60672e+07,e,3040
5307.6,1.61351e+07,s,3040
5313.44,1.61529e+07,s,3040
5322.7,1.6181e+07,e,3040
5327.29,1.61949e+07,s,3040
5336.54,1.62231e+07,e,3040
5346,1.62519e+07,s,3040
5358.72,1.62905e+07,s,3040
5360.77,1.62967e+07,e,3040
5366.37,1.63138e+07,s,3040
5368.56,1.63204e+07,s,3040
5382.43,1.63626e+07,e,3040
5389.88,1.63852e+07,s,3040
5391.03,1.63887e+07,e,3040
5394.15,1.63982e+07,e,3040
5394.8,1.64002e+07,e,3040
5396.11,1.64042e+07,e,3040
5404.27,1.6429e+07,s,3040
5411.7,1.64516e+07,s,3040
5424.19,1.64895e+07,s,3040
5428.18,1.65017e+07,e,3040
5441.64,1.65426e+07,s,3040
5451.27,1.65719e+07,s,3040
5460.84,1.66009e+07,e,3040
5462.32,1.66054e+07,e,3040
5474.46,1.66424e+07,s,3040
5484.08,1.66716e+07,e,3040
5494.57,1.67035e+07,s,3040
5500.21,1.67206e+07,e,3040
5503.43,1.67304e+07,s,3040
5503.83,1.67316e+07,e,3040
5510.86,1.6753e+07,s,3040
5519.48,1.67792e+07,s,3040
5530.15,1.68116e+07,s,3040
5560.28,1.69032e+07,s,3040
5565.51,1.69192e+07,e,3040
5574.45,1.69463e+07,e,3040
5576.96,1.6954e+07,e,3040
5588.51,1.69891e+07,s,3040
5592.23,1.70004e+07,e,3040
5592.81,1.70022e+07,s,3040
5606.59,1.7044e+07,s,3040
5607.17,1.70458e+07,e,3040
5617.07,1.70759e+07,s,3040
5621.66,1.70898e+07,e,3040
5624.52,1.70985e+07,e,3040
5626.4,1.71043e+07,e,3040
5631.21,1.71189e+07,s,3040
5632.17,1.71218e+07,e,3040
5650.9,1.71787e+07,s,3040
5651.81,1.71815e+07,e,3040
5660.16,1.72069e+07,e,3040
5671.61,1.72417e+07,s,3040
5675.6,1.72538e+07,e,3040
5679.15,1.72646e+07,e,3040
5683.07,1.72765e+07,s,3040
5696.83,1.73184e+07,s,3040
5700.54,1.73296e+07,s,3040
5718.9,1.73854e+07,e,3040
5718.9,1.73854e+07,s,NA
5735.58,1.74362e+07,e,3040
5735.58,1.74362e+07,s,NA
5736.37,1.74386e+07,s,3040
5755.04,1.74953e+07,e,3040
5755.04,1.74953e+07,s,NA
5777.54,1.75637e+07,e,3040
5777.54,1.75637e+07,s,NA
5777.54,1.75637e+07,s,NA
5786.79,1.75919e+07,e,3040
5786.79,1.75919e+07,s,NA
5788.23,1.75962e+07,e,3040
5788.23,1.75962e+07,s,NA
5790.75,1.76039e+07,e,3040
5796.86,1.76224e+07,s,3040
5823.34,1.77029e+07,e,3040
5823.34,1.77029e+07,s,NA
5828.86,1.77197e+07,s,3040
5835.01,1.77384e+07,e,3040
5835.01,1.77384e+07,s,NA
5838.11,1.77479e+07,e,3040
5841.62,1.77585e+07,e,3040
5857.73,1.78075e+07,s,3040
5868.5,1.78402e+07,e,3040
5874.48,1.78584e+07,e,3040
5879.96,1.78751e+07,s,3040
5886.57,1.78952e+07,e,3040
5886.58,1.78952e+07,e,3040
5887.52,1.78981e+07,e,3040
5893.66,1.79167e+07,e,3040
5895.99,1.79238e+07,e,3040
5897.55,1.79286e+07,s,3040
5903.9,1.79479e+07,s,3040
5924.79,1.80114e+07,s,3040
5939.36,1.80557e+07,s,3040
5961.51,1.8123e+07,s,3040
5964.29,1.81314e+07,e,3040
5965.98,1.81366e+07,e,3040
5975.11,1.81643e+07,s,3040
5979.29,1.81771e+07,e,3040
5981.72,1.81844e+07,e,3040
5983.47,1.81897e+07,e,3040
5986.06,1.81976e+07,e,3040
5986.63,1.81993e+07,s,3040
6007.26,1.82621e+07,s,3040
6013.87,1.82822e+07,e,3040
6019.01,1.82978e+07,s,3040
6035.23,1.83471e+07,e,3040
6045.1,1.83771e+07,s,3040
6054.03,1.84042e+07,e,3040
6058.74,1.84186e+07,s,3040
6062.73,1.84307e+07,e,3040
6068.07,1.84469e+07,e,3040
6071.58,1.84576e+07,e,3040
6081.89,1.84889e+07,s,3040
6102.88,1.85528e+07,s,3040
6120.79,1.86072e+07,s,3040
6135.16,1.86509e+07,s,3040
6139.15,1.8663e+07,e,3040
6158.28,1.87212e+07,s,3040
6159.65,1.87253e+07,s,3040
6162.27,1.87333e+07,e,3040
6179.95,1.87871e+07,s,3040
6199.69,1.88471e+07,s,3040
6204.84,1.88627e+07,s,3040
6205.16,1.88637e+07,e,3040
6222.84,1.89174e+07,e,3040
6222.84,1.89174e+07,s,NA
6226.83,1.89296e+07,e,3040
6226.83,1.89296e+07,s,NA
6229.03,1.89362e+07,s,3040
6240.36,1.89707e+07,e,3040
6243.52,1.89803e+07,s,3040
6250.13,1.90004e+07,e,3040
6253.51,1.90107e+07,s,3040
6261.74,1.90357e+07,e,3040
6267.64,1.90536e+07,e,3040
6269.81,1.90602e+07,s,3040
6277.08,1.90823e+07,s,3040
6284.81,1.91058e+07,e,3040
6287.51,1.9114e+07,s,3040
6288.2,1.91161e+07,e,3040
6289.45,1.91199e+07,e,3040
6309.67,1.91814e+07,s,3040
6329.96,1.92431e+07,e,3040
6347.99,1.92979e+07,e,3040
6349.59,1.93028e+07,e,3040
6349.59,1.93028e+07,s,NA
6359.94,1.93342e+07,e,3040
6359.94,1.93342e+07,s,NA
6359.94,1.93342e+07,s,NA
6363.93,1.93464e+07,e,3040
6383.22,1.9405e+07,s,3040
6391.04,1.94288e+07,s,3040
6402.76,1.94644e+07,s,3040
6404.07,1.94684e+07,s,3040
6420.42,1.95181e+07,s,3040
6426,1.9535e+07,s,3040
6446.34,1.95969e+07,s,3040
6452.48,1.96155e+07,e,3040
6457.71,1.96314e+07,s,3040
6467.82,1.96622e+07,s,3040
6470.64,1.96708e+07,e,3040
6479.82,1.96986e+07,s,3040
6489.36,1.97277e+07,e,3040
6494.83,1.97443e+07,e,3040
6497.48,1.97523e+07,s,3040
6500.89,1.97627e+07,e,3040
6508.42,1.97856e+07,e,3040
6511.89,1.97962e+07,s,3040
6518.38,1.98159e+07,e,3040
6524.17,1.98335e+07,e,3040
6527.12,1.98425e+07,s,3040
6537.49,1.9874e+07,s,3040
6542.88,1.98904e+07,e,3040
6545.02,1.98968e+07,e,3040
6546.22,1.99005e+07,e,3040
6551.69,1.99171e+07,s,3040
6556.33,1.99313e+07,e,3040
6568.33,1.99677e+07,e,3040
6572.36,1.998e+07,e,3040
6573.66,1.99839e+07,s,3040
6574.56,1.99867e+07,s,3040
6580.22,2.00039e+07,e,3040
6585.99,2.00214e+07,e,3040
6588.16,2.0028e+07,s,3040
6589.66,2.00326e+07,e,3040
6595.62,2.00507e+07,s,3040
6604.01,2.00762e+07,s,3040
6614.64,2.01085e+07,e,3040
6615.71,2.01118e+07,s,3040
6622.1,2.01312e+07,e,3040
6623.31,2.01349e+07,e,3040
6626.39,2.01442e+07,s,3040
6633.88,2.0167e+07,s,3040
6635.74,2.01727e+07,e,3040
6646.25,2.02046e+07,s,3040
6652.84,2.02246e+07,e,3040
6656.29,2.02351e+07,e,3040
6663.07,2.02557e+07,e,3040
6664.98,2.02615e+07,s,3040
6671.59,2.02816e+07,e,3040
6678.44,2.03025e+07,e,3040
6682.75,2.03155e+07,e,3040
6703.82,2.03796e+07,s,3040
6717.07,2.04199e+07,s,3040
6723.68,2.044e+07,e,3040
6730.25,2.046e+07,s,3040
6738.91,2.04863e+07,s,3040
6752.61,2.05279e+07,s,3040
6765.39,2.05668e+07,e,3040
6767.07,2.05719e+07,s,3040
6776.33,2.06e+07,e,3040
6776.81,2.06015e+07,s,3040
6777.52,2.06037e+07,e,3040
6788.54,2.06372e+07,e,3040
6790.3,2.06425e+07,s,3040
6797.93,2.06657e+07,s,3040
6807.11,2.06936e+07,e,3040
6817.49,2.07252e+07,e,3040
6818.76,2.0729e+07,e,3040
6820.42,2.07341e+07,e,3040
6820.61,2.07346e+07,s,3040
6826.24,2.07518e+07,e,3040
6829.86,2.07628e+07,e,3040
6834.53,2.0777e+07,s,3040
6838.16,2.0788e+07,s,3040
6841.14,2.07971e+07,e,3040
6844.95,2.08087e+07,s,3040
6847.42,2.08162e+07,e,3040
6854.88,2.08388e+07,s,3040
6865,2.08696e+07,s,3040
6871.16,2.08883e+07,s,3040
6871.57,2.08896e+07,e,3040
6877.77,2.09084e+07,e,3040
6880.89,2.09179e+07,e,3040
6887.27,2.09373e+07,s,3040
6895.7,2.09629e+07,e,3040
6896.07,2.09641e+07,s,3040
6900.93,2.09788e+07,e,3040
6903.96,2.0988e+07,e,3040
6906.45,2.09956e+07,s,3040
6917.76,2.103e+07,e,3040
6918.17,2.10313e+07,s,3040
6933.03,2.10764e+07,s,3040
6949.87,2.11276e+07,e,3040
6949.87,2.11276e+07,s,NA
6949.87,2.11276e+07,s,NA
6959.13,2.11558e+07,e,3040
6966.5,2.11782e+07,s,3040
6969.62,2.11876e+07,e,3040
6981.18,2.12228e+07,s,3040
7007.66,2.13033e+07,e,3040
7014.07,2.13228e+07,s,3040
7020.68,2.13429e+07,e,3040
7028.59,2.13669e+07,e,3040
7028.59,2.13669e+07,s,NA
7028.59,2.13669e+07,s,NA
7028.59,2.13669e+07,s,NA
7028.59,2.13669e+07,s,NA
7028.59,2.13669e+07,s,NA
7032.73,2.13795e+07,e,3040
7038.38,2.13967e+07,e,3040
7038.38,2.13967e+07,s,NA
7116.28,2.16335e+07,e,3040
7116.28,2.16335e+07,s,NA
7116.28,2.16335e+07,s,NA
7119.09,2.1642e+07,e,3040
7119.09,2.1642e+07,s,NA
7119.09,2.1642e+07,s,NA
7119.09,2.1642e+07,s,NA
7122.89,2.16536e+07,e,3040
7125.7,2.16621e+07,e,3040
7126.07,2.16633e+07,s,3040
7130.06,2.16754e+07,e,3040
7132.06,2.16815e+07,s,3040
7136.52,2.1695e+07,s,3040
7139.5,2.17041e+07,s,3040
7155.97,2.17542e+07,s,3040
7169.54,2.17954e+07,e,3040
7180.53,2.18288e+07,e,3040
7186.39,2.18466e+07,s,3040
7191.75,2.18629e+07,s,3040
7198.16,2.18824e+07,e,3040
7207.6,2.19111e+07,e,3040
7217.97,2.19426e+07,s,3040
7219.98,2.19487e+07,e,3040
7227.07,2.19703e+07,s,3040
7227.47,2.19715e+07,e,3040
7235.41,2.19956e+07,s,3040
7242.02,2.20157e+07,e,3040
7244.48,2.20232e+07,e,3040
7250.3,2.20409e+07,s,3040
7260.04,2.20705e+07,e,3040
7261.94,2.20763e+07,s,3040
7268.55,2.20964e+07,e,3040
7276.76,2.21213e+07,s,3040
7279.32,2.21291e+07,s,3040
7285.85,2.2149e+07,s,3040
7305.66,2.22092e+07,e,3040
7305.66,2.22092e+07,s,NA
7308.58,2.22181e+07,e,3040
7308.58,2.22181e+07,s,NA
7327.34,2.22751e+07,e,3040
7327.34,2.22751e+07,s,NA
7333.95,2.22952e+07,e,3040
7338.81,2.231e+07,e,3040
7341.6,2.23185e+07,e,3040
7357.91,2.23681e+07,s,3040
7361.91,2.23802e+07,e,3040
7382.08,2.24415e+07,e,3040
7382.08,2.24415e+07,s,NA
7382.08,2.24415e+07,s,NA
7397.09,2.24871e+07,e,3040
7397.09,2.24871e+07,s,NA
7397.86,2.24895e+07,e,3040
7397.86,2.24895e+07,s,NA
7405.3,2.25121e+07,e,3040
7405.3,2.25121e+07,s,NA
7429.34,2.25852e+07,s,3040
7430.88,2.25899e+07,e,3040
7430.88,2.25899e+07,s,NA
7430.88,2.25899e+07,s,NA
7430.88,2.25899e+07,s,NA
7457.55,2.26709e+07,e,3040
7457.55,2.26709e+07,s,NA
7459.94,2.26782e+07,e,3040
7471.82,2.27143e+07,s,3040
7483.86,2.27509e+07,s,3040
7489.66,2.27686e+07,e,3040
7492.87,2.27783e+07,e,3040
7493.81,2.27812e+07,e,3040
7497.57,2.27926e+07,s,3040
7500.04,2.28001e+07,e,3040
7518.57,2.28564e+07,e,3040
7522.65,2.28689e+07,s,3040
7523,2.28699e+07,e,3040
7532.6,2.28991e+07,s,3040
7542.56,2.29294e+07,e,3040
7549.13,2.29494e+07,e,3040
7549.28,2.29498e+07,e,3040
7553.84,2.29637e+07,s,3040
7558.04,2.29765e+07,s,3040
7560.09,2.29827e+07,e,3040
7560.33,2.29834e+07,e,3040
7565.84,2.30002e+07,e,3040
7567.3,2.30046e+07,e,3040
7567.3,2.30046e+07,s,NA
7571.83,2.30184e+07,e,3040
7571.83,2.30184e+07,e,NA
7577.65,2.3036e+07,e,3040
7580.83,2.30457e+07,s,3040
7596.77,2.30942e+07,s,3040
7602.36,2.31112e+07,s,3040
7603.38,2.31143e+07,e,3040
7606.35,2.31233e+07,e,3040
7607.31,2.31262e+07,e,3040
7619.19,2.31623e+07,s,3040
7622.18,2.31714e+07,e,3040
7627.32,2.31871e+07,s,3040
7628.45,2.31905e+07,e,3040
7636.17,2.32139e+07,s,3040
7646.4,2.3245e+07,s,3040
7658.39,2.32815e+07,s,3040
7662.07,2.32927e+07,e,3040
7662.81,2.32949e+07,s,3040
7671.96,2.33228e+07,s,3040
7678.57,2.33429e+07,e,3040
7683.65,2.33583e+07,s,3040
7694.79,2.33922e+07,e,3040
7704.12,2.34205e+07,s,3040
7710.23,2.34391e+07,s,3040
7719.58,2.34675e+07,e,3040
7720.87,2.34714e+07,s,3040
7732.54,2.35069e+07,s,3040
7736.71,2.35196e+07,e,3040
7737.54,2.35221e+07,e,3040
7740.06,2.35298e+07,s,3040
7750.5,2.35615e+07,e,3040
7760.47,2.35918e+07,s,3040
7763.85,2.36021e+07,e,3040
7766.54,2.36103e+07,e,3040
7768.27,2.36155e+07,e,3040
7770.09,2.36211e+07,s,3040
7776.36,2.36401e+07,s,3040
7783.57,2.3662e+07,e,3040
7788.11,2.36758e+07,e,3040
7788.11,2.36758e+07,s,NA
7793.05,2.36909e+07,e,3040
7796.57,2.37016e+07,e,3040
7807.76,2.37356e+07,s,3040
7809.38,2.37405e+07,e,3040
7811.75,2.37477e+07,e,3040
7815.82,2.37601e+07,e,3040
7817.76,2.3766e+07,s,3040
7821.05,2.3776e+07,e,3040
7824.03,2.37851e+07,s,3040
7830.28,2.38041e+07,s,3040
7836.91,2.38242e+07,e,3040
7836.91,2.38242e+07,s,NA
7840.72,2.38358e+07,e,3040
7855.42,2.38805e+07,s,3040
7866.21,2.39133e+07,e,3040
7868.44,2.39201e+07,s,3040
7872.91,2.39336e+07,e,3040
7873.57,2.39357e+07,s,3040
7884.05,2.39675e+07,e,3040
7885.02,2.39705e+07,s,3040
7890.26,2.39864e+07,e,3040
7898.99,2.40129e+07,e,3040
7901.42,2.40203e+07,e,3040
7902.56,2.40238e+07,s,3040
7906.52,2.40358e+07,s,3040
7926.39,2.40962e+07,e,3040
7933,2.41163e+07,e,3040
7933,2.41163e+07,s,NA
7943.35,2.41478e+07,e,3040
7943.35,2.41478e+07,s,NA
7948.74,2.41642e+07,s,3040
7948.92,2.41647e+07,e,3040
7956.95,2.41891e+07,e,3040
7961.82,2.42039e+07,s,3040
7967.99,2.42227e+07,s,3040
7982.28,2.42661e+07,s,3040
7994.65,2.43037e+07,e,3040
7996.85,2.43104e+07,s,3040
8008.76,2.43466e+07,e,3040
8022.62,2.43888e+07,s,3040
8023.9,2.43926e+07,e,3040
8024.96,2.43959e+07,s,3040
8031.04,2.44144e+07,e,3040
8032.19,2.44178e+07,e,3040
8037.65,2.44345e+07,s,3040
8048.1,2.44662e+07,s,3040
8059.93,2.45022e+07,s,3040
8065.63,2.45195e+07,s,3040
8074.89,2.45477e+07,e,3040
8074.89,2.45477e+07,s,NA
8083.56,2.4574e+07,e,3040
8096.9,2.46146e+07,e,3040
8096.9,2.46146e+07,s,NA
8096.9,2.46146e+07,s,NA
8110.82,2.46569e+07,e,3040
8110.82,2.46569e+07,s,NA
8113.47,2.4665e+07,e,3040
8123.67,2.46959e+07,s,3040
8125.34,2.4701e+07,e,3040
8130.28,2.4716e+07,e,3040
8135.41,2.47316e+07,e,3040
8135.41,2.47316e+07,s,NA
8137.8,2.47389e+07,e,3040
8144.97,2.47607e+07,e,3040
8144.97,2.47607e+07,s,NA
8151.6,2.47809e+07,s,3040
8163.26,2.48163e+07,s,3040
8184.59,2.48812e+07,e,3040
8196.29,2.49167e+07,s,3040
8232.22,2.50259e+07,e,3040
8232.66,2.50273e+07,e,3040
8232.66,2.50273e+07,s,NA
8239.27,2.50474e+07,e,3040
8239.27,2.50474e+07,s,NA
8239.27,2.50474e+07,s,NA
8253.18,2.50897e+07,s,3040
8262.44,2.51178e+07,e,3040
8327.78,2.53165e+07,e,3040
8327.78,2.53165e+07,s,NA
8339.92,2.53534e+07,e,3040
8354.47,2.53976e+07,e,3040
8354.47,2.53976e+07,s,NA
8380.22,2.54759e+07,e,3040
8387.43,2.54978e+07,e,3040
8387.43,2.54978e+07,s,NA
8389.86,2.55052e+07,e,3040
8389.86,2.55052e+07,s,NA
8401.35,2.55401e+07,e,3040
8411.74,2.55717e+07,e,3040
8411.74,2.55717e+07,s,NA
8416.55,2.55863e+07,e,3040
8416.55,2.55863e+07,s,NA
8416.55,2.55863e+07,s,NA
8423.36,2.5607e+07,e,3040
8423.36,2.5607e+07,s,NA
8429.06,2.56243e+07,e,3040
8429.06,2.56243e+07,s,NA
8442.13,2.56641e+07,e,3040
8442.13,2.56641e+07,s,NA
8459.29,2.57163e+07,e,3040
8459.29,2.57163e+07,s,NA
8478.61,2.5775e+07,e,3040
8478.61,2.5775e+07,s,NA
8496.15,2.58283e+07,e,3040
8505.09,2.58555e+07,e,3040
8505.09,2.58555e+07,s,NA
8529.82,2.59307e+07,e,3040
8529.82,2.59307e+07,s,NA
8529.82,2.59307e+07,s,NA
8541.02,2.59647e+07,e,3040
8541.02,2.59647e+07,s,NA
8541.8,2.59671e+07,e,3040
8541.8,2.59671e+07,s,NA
8541.8,2.59671e+07,s,NA
8545.01,2.59768e+07,e,3040
8545.01,2.59768e+07,s,NA
8549.01,2.5989e+07,e,3040
8549.01,2.5989e+07,s,NA
8551.9,2.59978e+07,s,3040
8557.5,2.60148e+07,e,3040
8557.5,2.60148e+07,s,NA
8557.5,2.60148e+07,s,NA
8568.28,2.60476e+07,e,3040
8568.28,2.60476e+07,e,NA
8568.28,2.60476e+07,s,NA
8568.28,2.60476e+07,s,NA
8568.49,2.60482e+07,e,3040
8568.49,2.60482e+07,s,NA
8578.38,2.60783e+07,e,3040
8578.38,2.60783e+07,s,NA
8590.82,2.61161e+07,e,3040
8590.82,2.61161e+07,s,NA
8590.82,2.61161e+07,s,NA
8591.9,2.61194e+07,e,3040
8595.06,2.6129e+07,e,3040
8604.68,2.61582e+07,s,3040
8617.31,2.61966e+07,e,3040
8620.25,2.62056e+07,s,3040
8630.57,2.62369e+07,e,3040
8648.15,2.62904e+07,s,3040
8656.21,2.63149e+07,s,3040
8657.4,2.63185e+07,e,3040
8669.09,2.6354e+07,s,3040
8670.77,2.63591e+07,e,3040
8675.7,2.63741e+07,e,3040
8678.24,2.63818e+07,s,3040
8684.49,2.64009e+07,s,3040
8691.1,2.64209e+07,e,3040
8694.86,2.64324e+07,e,3040
8701.44,2.64524e+07,s,3040
8709.23,2.64761e+07,e,3040
8727.92,2.65329e+07,e,3040
8729.73,2.65384e+07,s,3040
8748.62,2.65958e+07,s,3040
8749.82,2.65995e+07,e,3040
8758.37,2.66254e+07,s,3040
8766.75,2.66509e+07,e,3040
8771.22,2.66645e+07,s,3040
8775.1,2.66763e+07,e,3040
8786.65,2.67114e+07,s,3040
8794.3,2.67347e+07,e,3040
8805.8,2.67696e+07,s,3040
8808.15,2.67768e+07,e,3040
8815.06,2.67978e+07,e,3040
8818.24,2.68075e+07,s,3040
8828.61,2.6839e+07,s,3040
8834.08,2.68556e+07,e,3040
8837.49,2.6866e+07,e,3040
8842.97,2.68826e+07,s,3040
8853.77,2.69155e+07,s,3040
8864.54,2.69482e+07,e,3040
8869.45,2.69631e+07,e,3040
8875.07,2.69802e+07,s,3040
8875.16,2.69805e+07,e,3040
8880.32,2.69962e+07,e,3040
8884.67,2.70094e+07,e,3040
8891.76,2.70309e+07,e,3040
8893.48,2.70362e+07,s,3040
8900.08,2.70563e+07,e,3040
8901.57,2.70608e+07,s,3040
8913.65,2.70975e+07,s,3040
8923.16,2.71264e+07,e,3040
8924.36,2.713e+07,s,3040
8925.14,2.71324e+07,s,3040
8932.23,2.7154e+07,s,3040
8934.4,2.71606e+07,e,3040
8943.98,2.71897e+07,e,3040
8945.27,2.71936e+07,s,3040
8961.11,2.72418e+07,s,3040
8975.73,2.72862e+07,e,3040
8977.3,2.7291e+07,e,3040
8995.53,2.73464e+07,e,3040
8995.53,2.73464e+07,s,NA
9007.48,2.73827e+07,s,3040
9016.74,2.74109e+07,e,3040
9022.23,2.74276e+07,s,3040
9023.19,2.74305e+07,e,3040
9031.48,2.74557e+07,e,3040
9032.28,2.74581e+07,s,3040
9036.27,2.74703e+07,e,3040
9042.52,2.74893e+07,e,3040
9042.52,2.74893e+07,s,NA
9053.96,2.7524e+07,s,3040
9084.52,2.76169e+07,e,3040
9084.52,2.76169e+07,s,NA
9084.52,2.76169e+07,s,NA
9084.52,2.76169e+07,s,NA
9084.52,2.76169e+07,s,NA
9088.5,2.7629e+07,s,3040
9095.54,2.76505e+07,s,3040
9101.65,2.7669e+07,s,3040
9111,2.76974e+07,e,3040
9113.31,2.77045e+07,s,3040
9142.6,2.77935e+07,e,3040
9144.3,2.77987e+07,e,3040
9146.6,2.78057e+07,e,3040
9146.6,2.78057e+07,s,NA
9156.16,2.78347e+07,e,3040
9156.54,2.78359e+07,s,3040
9160.53,2.7848e+07,e,3040
9165.3,2.78625e+07,s,3040
9174.87,2.78916e+07,e,3040
9181.9,2.7913e+07,s,3040
9189.34,2.79356e+07,e,3040
9202.2,2.79747e+07,s,3040
9213.84,2.80101e+07,e,3040
9223.19,2.80385e+07,s,3040
9225.26,2.80448e+07,e,3040
9227.95,2.8053e+07,s,3040
9236.49,2.80789e+07,e,3040
9238.13,2.80839e+07,e,3040
9238.3,2.80844e+07,s,3040
9245.35,2.81059e+07,s,3040
9250.7,2.81221e+07,s,3040
9261.33,2.81545e+07,e,3040
9270.73,2.8183e+07,s,3040
9277.34,2.82031e+07,e,3040
9286.24,2.82302e+07,s,3040
9295.5,2.82583e+07,e,3040
9303.11,2.82815e+07,s,3040
9317.51,2.83252e+07,s,3040
9330.75,2.83655e+07,s,3040
9337.91,2.83873e+07,s,3040
9350.32,2.8425e+07,e,3040
9354.4,2.84374e+07,s,3040
9368.9,2.84815e+07,e,3040
9379.11,2.85125e+07,e,3040
9382.01,2.85213e+07,s,3040
9386.3,2.85344e+07,e,3040
9391.27,2.85494e+07,e,3040
9391.62,2.85505e+07,e,3040
9414.07,2.86188e+07,s,3040
9418.06,2.86309e+07,e,3040
9425.38,2.86532e+07,s,3040
9438.86,2.86941e+07,s,3040
9440.44,2.86989e+07,e,3040
9451.86,2.87337e+07,e,3040
9456.3,2.87472e+07,s,3040
9465.84,2.87762e+07,s,3040
9474.98,2.88039e+07,e,3040
9477.68,2.88121e+07,s,3040
9488.99,2.88465e+07,e,3040
9489.4,2.88478e+07,s,3040
9489.85,2.88492e+07,e,3040
9492.32,2.88567e+07,e,3040
9495.35,2.88659e+07,e,3040
9503.94,2.8892e+07,s,3040
9504.1,2.88925e+07,e,3040
9517.95,2.89346e+07,e,3040
9519.76,2.89401e+07,s,3040
9525.82,2.89585e+07,e,3040
9536.18,2.899e+07,s,3040
9568.38,2.90879e+07,e,3040
9575.99,2.9111e+07,s,3040
9583.31,2.91333e+07,e,3040
9588.57,2.91493e+07,s,3040
9598.75,2.91802e+07,s,3040
9610.74,2.92167e+07,e,3040
9611.56,2.92191e+07,s,3040
9618.63,2.92406e+07,e,3040
9625.23,2.92607e+07,e,3040
9637.18,2.9297e+07,e,3040
9638.07,2.92997e+07,e,3040
9639.03,2.93027e+07,s,3040
9672.77,2.94052e+07,s,3040
9678.11,2.94214e+07,e,3040
9679.38,2.94253e+07,e,3040
9682.9,2.9436e+07,s,3040
9690.39,2.94588e+07,s,3040
9699.59,2.94867e+07,e,3040
9704.66,2.95022e+07,e,3040
9719.5,2.95473e+07,s,3040
9727.54,2.95717e+07,e,3040
9736.29,2.95983e+07,e,3040
9737.4,2.96017e+07,s,3040
9752.22,2.96467e+07,s,3040
9755.2,2.96558e+07,e,3040
9763.5,2.9681e+07,e,3040
9763.92,2.96823e+07,s,3040
9769.74,2.97e+07,e,3040
9783.52,2.97419e+07,s,3040
9785.56,2.97481e+07,e,3040
9792.83,2.97702e+07,s,3040
9799.72,2.97912e+07,s,3040
9813.78,2.98339e+07,s,3040
9814.3,2.98355e+07,e,3040
9822.86,2.98615e+07,s,3040
9826.71,2.98732e+07,e,3040
9840.38,2.99147e+07,s,3040
9843.28,2.99236e+07,s,3040
9849.34,2.9942e+07,e,3040
9854.37,2.99573e+07,e,3040
9860.15,2.99749e+07,s,3040
9860.45,2.99758e+07,e,3040
9865.75,2.99919e+07,s,3040
9868.74,3.0001e+07,s,3040
9886.44,3.00548e+07,s,3040
9889.34,3.00636e+07,e,3040
9895.23,3.00815e+07,e,3040
9896.09,3.00841e+07,e,3040
9900.16,3.00965e+07,s,3040
9929.41,3.01854e+07,s,3040
9954.26,3.0261e+07,e,3040
9954.26,3.0261e+07,s,NA
9970.38,3.031e+07,e,3040
9996.26,3.03886e+07,e,3040
9996.26,3.03886e+07,s,NA
9996.26,3.03886e+07,s,NA
10002.3,3.0407e+07,s,3040
10011.4,3.04347e+07,s,3040
10021,3.04638e+07,e,3040
10029.2,3.04889e+07,s,3040
10036.9,3.05122e+07,s,3040
10043.5,3.05323e+07,e,3040
10051.1,3.05555e+07,s,3040
10064.4,3.05957e+07,e,3040
10065.8,3.06001e+07,s,3040
10072.6,3.06206e+07,s,3040
10076.6,3.06328e+07,e,3040
10079.6,3.06419e+07,e,3040
10090.3,3.06744e+07,e,3040
10094.7,3.06878e+07,s,3040
10107.8,3.07278e+07,s,3040
10113.2,3.07442e+07,e,3040
10133.2,3.0805e+07,s,3040
10137.2,3.08171e+07,e,3040
10137.2,3.08171e+07,e,3040
10143.1,3.08351e+07,s,3040
10150.4,3.08572e+07,e,3040
10157.7,3.08794e+07,s,3040
10166.4,3.09059e+07,e,3040
10170,3.09168e+07,e,3040
10172.7,3.09251e+07,s,3040
10179.3,3.09451e+07,e,3040
10180.2,3.09477e+07,e,3040
10183.2,3.09569e+07,e,3040
10185.5,3.0964e+07,s,3040
10195.1,3.09931e+07,e,3040
10201.8,3.10136e+07,s,3040
10208.4,3.10337e+07,e,3040
10216.5,3.10582e+07,s,3040
10220.1,3.10692e+07,s,3040
10226.9,3.10896e+07,e,3040
10229.4,3.10974e+07,e,3040
10231.6,3.11042e+07,e,3040
10236.7,3.11197e+07,s,3040
10248,3.1154e+07,s,3040
10248.8,3.11563e+07,e,3040
10260.6,3.11921e+07,s,3040
10262.1,3.11967e+07,e,3040
10269.8,3.12202e+07,e,3040
10274.5,3.12345e+07,e,3040
10276.7,3.12411e+07,s,3040
10293.7,3.12928e+07,s,3040
10300.8,3.13146e+07,s,3040
10308.7,3.13384e+07,s,3040
10309.2,3.134e+07,e,3040
10315.9,3.13603e+07,e,3040
10327.3,3.13949e+07,s,3040
10342.8,3.1442e+07,s,3040
10357.4,3.14865e+07,e,3040
10357.5,3.14867e+07,e,3040
10374.1,3.15373e+07,s,3040
10380.7,3.15573e+07,e,3040
10395.9,3.16035e+07,s,3040
10405.1,3.16316e+07,e,3040
10416.7,3.16667e+07,s,3040
10431.3,3.17111e+07,e,3040
10432.6,3.1715e+07,s,3040
10434.6,3.17213e+07,e,3040
10436.6,3.17272e+07,e,3040
10436.9,3.17281e+07,e,3040
10437.7,3.17306e+07,e,3040
10441.4,3.1742e+07,s,3040
10458.2,3.1793e+07,s,3040
10467.9,3.18225e+07,e,3040
10470.2,3.18293e+07,s,3040
10478.8,3.18554e+07,e,3040
10479.2,3.18568e+07,e,3040
10498,3.19139e+07,s,3040
10502.5,3.19278e+07,e,3040
10506.7,3.19404e+07,s,3040
10514,3.19625e+07,s,3040
10516,3.19685e+07,e,3040
10533.5,3.20217e+07,s,3040
10540.1,3.20418e+07,e,3040
10544.1,3.20541e+07,s,3040
10545.9,3.20595e+07,s,3040
10546.7,3.20621e+07,e,3040
10562.6,3.21102e+07,e,3040
10563.7,3.21135e+07,s,3040
10570.3,3.21336e+07,e,3040
10579.9,3.21628e+07,s,3040
10592.8,3.22022e+07,s,3040
10596.8,3.22143e+07,e,3040
10601.7,3.22291e+07,e,3040
10604.7,3.22383e+07,s,3040
10616.3,3.22736e+07,s,3040
10626.4,3.23042e+07,s,3040
10633.5,3.2326e+07,s,3040
10642.8,3.23541e+07,e,3040
10646.4,3.2365e+07,s,3040
10653,3.23851e+07,e,3040
10654.4,3.23893e+07,s,3040
10658.4,3.24015e+07,e,3040
10659.4,3.24046e+07,e,3040
10665.3,3.24226e+07,s,3040
10676,3.24551e+07,s,3040
10682.4,3.24744e+07,s,3040
10691.2,3.25012e+07,s,3040
10695.2,3.25133e+07,e,3040
10707,3.25493e+07,s,3040
10713,3.25676e+07,s,3040
10731.8,3.26247e+07,e,3040
10731.8,3.26247e+07,s,NA
10731.8,3.26247e+07,s,NA
10736,3.26374e+07,e,3040
10736,3.26374e+07,s,NA
10741.1,3.26529e+07,e,3040
10742.6,3.26575e+07,e,3040
10758.3,3.27052e+07,e,3040
10759.7,3.27096e+07,s,3040
10766.3,3.27296e+07,e,3040
10770.9,3.27435e+07,e,3040
10884.5,3.30888e+07,e,3040
10894.4,3.31191e+07,e,3040
10895.2,3.31215e+07,e,3040
10916.9,3.31875e+07,e,3040
10956,3.33062e+07,e,3040
10957,3.33093e+07,e,3040
11025.5,3.35176e+07,e,3040
11051.8,3.35975e+07,e,3040
11137.7,3.38586e+07,e,3040
11209.9,3.40781e+07,e,3040
11300.6,3.43538e+07,e,3040
11306.6,3.43721e+07,e,3040
16000,4.864e+07,s,3040
16088.5,4.89091e+07,e,3040
