method;trace;commit;id;D;F;I;K;M;O;P;R;S;U;W;X;Z;c;e;k;p;r;s;t;w;x
gantt;jobs.csv;40c67da4ccf8;1;0;0;0;0;128228;32;160%;35890;1.22;2.24;0;0;4096;214628;2.15;0;0;0;0;0;349;0
load;jobs.csv;40c67da4ccf8;1;0;0;0;0;141892;32;136%;38184;1.12;3.24;0;0;4096;91;3.20;0;0;0;0;0;367;0
gantt;jobs.csv;40c67da4ccf8;2;0;0;0;0;128036;32;161%;35773;1.20;2.27;0;0;4096;214527;2.15;0;0;0;0;0;367;0
load;jobs.csv;40c67da4ccf8;2;0;0;0;0;142120;32;136%;38234;1.08;3.21;0;0;4096;434770;3.15;0;0;0;0;0;368;0
gantt;jobs.csv;40c67da4ccf8;3;0;0;0;0;128040;32;161%;35733;1.22;2.23;0;0;4096;214625;2.13;0;0;0;0;0;351;0
load;jobs.csv;40c67da4ccf8;3;0;0;0;0;141716;32;136%;38282;1.04;3.25;0;0;4096;433788;3.13;0;0;0;0;0;357;0
gantt;jobs.csv;40c67da4ccf8;4;0;0;0;0;128360;32;152%;35691;1.27;2.55;0;0;4096;88;2.50;0;0;0;0;0;366;0
load;jobs.csv;40c67da4ccf8;4;0;0;0;0;141608;32;130%;38216;1.40;3.61;0;0;4096;167;3.85;0;0;0;0;0;356;0
gantt;jobs.csv;40c67da4ccf8;5;0;0;0;0;128504;32;151%;35755;1.61;2.38;0;0;4096;215017;2.63;0;0;0;0;0;357;0
load;jobs.csv;40c67da4ccf8;5;0;0;0;0;141368;32;136%;38422;1.14;3.23;0;0;4096;97;3.20;0;0;0;0;0;363;0
gantt;jobs.csv;40c67da4ccf8;6;0;0;0;0;127940;32;153%;35542;1.23;2.58;0;0;4096;94;2.49;0;0;0;0;0;363;0
load;jobs.csv;40c67da4ccf8;6;0;0;0;0;141948;32;134%;38568;1.24;3.34;0;0;4096;219985;3.40;0;0;0;0;0;361;0
gantt;jobs.csv;40c67da4ccf8;7;0;0;0;0;128332;32;161%;35755;1.24;2.23;0;0;4096;101;2.16;0;0;0;0;0;371;0
load;jobs.csv;40c67da4ccf8;7;0;0;0;0;141788;32;135%;38256;1.10;3.32;0;0;4096;90;3.26;0;0;0;0;0;365;0
gantt;jobs.csv;40c67da4ccf8;8;0;0;0;0;128312;32;158%;35686;1.10;2.27;0;0;4096;436605;2.13;0;0;0;0;0;357;0
load;jobs.csv;40c67da4ccf8;8;0;0;0;0;141228;32;134%;38341;1.16;3.33;0;0;4096;85;3.33;0;0;0;0;0;356;0
gantt;jobs.csv;40c67da4ccf8;9;0;0;0;0;128320;32;151%;35748;1.21;2.62;0;0;4096;99;2.52;0;0;0;0;0;362;0
load;jobs.csv;40c67da4ccf8;9;0;0;0;0;141776;32;131%;38304;1.11;3.81;0;0;4096;82;3.75;0;0;0;0;0;364;0
gantt;jobs.csv;40c67da4ccf8;10;0;0;0;0;128244;32;159%;35660;1.17;2.20;0;0;4096;435219;2.12;0;0;0;0;0;364;0
load;jobs.csv;40c67da4ccf8;10;0;0;0;0;141816;32;136%;38303;1.11;3.26;0;0;4096;79;3.20;0;0;0;0;0;366;0
gantt;jobs.csv;40c67da4ccf8;11;0;0;0;0;128216;32;151%;35655;1.11;2.61;0;0;4096;156916;2.45;0;0;0;0;0;359;0
load;jobs.csv;40c67da4ccf8;11;0;0;0;0;141448;32;136%;38280;1.22;3.16;0;0;4096;92;3.20;0;0;0;0;0;361;0
gantt;jobs.csv;40c67da4ccf8;12;0;0;0;0;128420;32;161%;35606;1.19;2.26;0;0;4096;185457;2.14;0;0;0;0;0;368;0
load;jobs.csv;40c67da4ccf8;12;0;0;0;0;141328;32;135%;38336;1.11;3.28;0;0;4096;215310;3.24;0;0;0;0;0;359;0
gantt;jobs.csv;40c67da4ccf8;13;0;0;0;0;128436;32;154%;35649;1.39;2.50;0;0;4096;110;2.51;0;0;0;0;0;365;0
load;jobs.csv;40c67da4ccf8;13;0;0;0;0;141624;32;136%;38141;1.08;3.23;0;0;4096;433257;3.15;0;0;0;0;0;366;0
gantt;jobs.csv;40c67da4ccf8;14;0;0;0;0;127964;32;152%;35636;1.61;2.40;0;0;4096;183;2.63;0;0;0;0;0;366;0
load;jobs.csv;40c67da4ccf8;14;0;0;0;0;141824;32;136%;38168;1.09;3.23;0;0;4096;432288;3.16;0;0;0;0;0;361;0
gantt;jobs.csv;40c67da4ccf8;15;0;0;0;0;128092;32;159%;35662;1.20;2.29;0;0;4096;87;2.19;0;0;0;0;0;373;0
load;jobs.csv;40c67da4ccf8;15;0;0;0;0;141348;32;136%;38335;1.13;3.30;0;0;4096;88;3.24;0;0;0;0;0;356;0
gantt;jobs.csv;40c67da4ccf8;16;0;0;0;0;128064;32;157%;35497;1.10;2.24;0;0;4096;435702;2.12;0;0;0;0;0;375;0
load;jobs.csv;40c67da4ccf8;16;0;0;0;0;141596;32;136%;38263;1.10;3.22;0;0;4096;432384;3.16;0;0;0;0;0;369;0
gantt;jobs.csv;40c67da4ccf8;17;0;0;0;0;128356;32;150%;35683;1.82;2.27;0;0;4096;214837;2.72;0;0;0;0;0;362;0
load;jobs.csv;40c67da4ccf8;17;0;0;0;0;141840;32;131%;38298;1.12;3.79;0;0;4096;153760;3.74;0;0;0;0;0;371;0
gantt;jobs.csv;40c67da4ccf8;18;0;0;0;0;127952;32;148%;35678;1.67;2.30;0;0;4096;220043;2.67;0;0;0;0;0;352;0
load;jobs.csv;40c67da4ccf8;18;0;0;0;0;141464;32;130%;38290;1.14;3.81;0;0;4096;102;3.79;0;0;0;0;0;360;0
gantt;jobs.csv;40c67da4ccf8;19;0;0;0;0;128240;32;158%;35589;1.18;2.22;0;0;4096;220351;2.14;0;0;0;0;0;369;0
load;jobs.csv;40c67da4ccf8;19;0;0;0;0;141124;32;129%;38369;1.18;3.84;0;0;4096;116;3.86;0;0;0;0;0;369;0
gantt;jobs.csv;40c67da4ccf8;20;0;0;0;0;128180;32;158%;35758;1.09;2.26;0;0;4096;433290;2.12;0;0;0;0;0;360;0
load;jobs.csv;40c67da4ccf8;20;0;0;0;0;141744;32;131%;38108;1.15;3.78;0;0;4096;92;3.76;0;0;0;0;0;367;0
gantt;jobs.csv;40c67da4ccf8;21;0;0;0;0;128388;32;160%;35533;1.21;2.30;0;0;4096;93;2.18;0;0;0;0;0;371;0
load;jobs.csv;40c67da4ccf8;21;0;0;0;0;141888;32;133%;38159;0.98;3.31;0;0;4096;220555;3.21;0;0;0;0;0;371;0
gantt;jobs.csv;40c67da4ccf8;22;0;0;0;0;128340;32;158%;35609;1.15;2.20;0;0;4096;434830;2.11;0;0;0;0;0;378;0
load;jobs.csv;40c67da4ccf8;22;0;0;0;0;141188;32;136%;38317;1.06;3.30;0;0;4096;59464;3.21;0;0;0;0;0;363;0
gantt;jobs.csv;40c67da4ccf8;23;0;0;0;0;128212;32;155%;35586;1.18;2.30;0;0;4096;220485;2.24;0;0;0;0;0;367;0
load;jobs.csv;40c67da4ccf8;23;0;0;0;0;141840;32;133%;38281;1.06;3.24;0;0;4096;215289;3.21;0;0;0;0;0;363;0
gantt;jobs.csv;40c67da4ccf8;24;0;0;0;0;128560;32;159%;35656;1.17;2.21;0;0;4096;433862;2.12;0;0;0;0;0;370;0
load;jobs.csv;40c67da4ccf8;24;0;0;0;0;142192;32;135%;38247;1.12;3.24;0;0;4096;213338;3.21;0;0;0;0;0;358;0
gantt;jobs.csv;40c67da4ccf8;25;0;0;0;0;128336;32;156%;35809;1.12;2.26;0;0;4096;221241;2.16;0;0;0;0;0;364;0
load;jobs.csv;40c67da4ccf8;25;0;0;0;0;141792;32;134%;38283;1.02;3.34;0;0;4096;434170;3.24;0;0;0;0;0;359;0
gantt;jobs.csv;40c67da4ccf8;26;0;0;0;0;127812;32;145%;35855;1.50;2.52;0;0;4096;433675;2.77;0;0;0;0;0;357;0
load;jobs.csv;40c67da4ccf8;26;0;0;0;0;141312;32;127%;38234;1.68;3.53;0;0;4096;221188;4.10;0;0;0;0;0;369;0
gantt;jobs.csv;40c67da4ccf8;27;0;0;0;0;128464;32;157%;35704;1.14;2.25;0;0;4096;220445;2.15;0;0;0;0;0;356;0
load;jobs.csv;40c67da4ccf8;27;0;0;0;0;141364;32;136%;38318;1.04;3.25;0;0;4096;434040;3.14;0;0;0;0;0;366;0
gantt;jobs.csv;40c67da4ccf8;28;0;0;0;0;128492;32;157%;35676;1.17;2.28;0;0;4096;91;2.18;0;0;0;0;0;353;0
load;jobs.csv;40c67da4ccf8;28;0;0;0;0;141800;32;134%;38310;1.04;3.41;0;0;4096;85177;3.32;0;0;0;0;0;375;0
gantt;jobs.csv;40c67da4ccf8;29;0;0;0;0;128592;32;157%;35615;1.10;2.24;0;0;4096;435597;2.12;0;0;0;0;0;364;0
load;jobs.csv;40c67da4ccf8;29;0;0;0;0;141888;32;135%;38221;1.12;3.30;0;0;4096;124;3.27;0;0;0;0;0;368;0
gantt;jobs.csv;40c67da4ccf8;30;0;0;0;0;128340;32;155%;35702;1.06;2.32;0;0;4096;436516;2.17;0;0;0;0;0;367;0
load;jobs.csv;40c67da4ccf8;30;0;0;0;0;141300;32;133%;38420;1.04;3.32;0;0;4096;222547;3.26;0;0;0;0;0;369;0
gantt;batsim_out_jobs.csv;40c67da4ccf8;1;0;0;0;0;150520;32;134%;41483;1.24;3.83;0;0;4096;369;3.76;0;0;0;0;0;368;0
load;batsim_out_jobs.csv;40c67da4ccf8;1;0;0;0;0;167492;32;123%;44610;1.10;4.99;0;0;4096;432036;4.94;0;0;0;0;0;361;0
gantt;batsim_out_jobs.csv;40c67da4ccf8;2;0;0;0;0;150856;32;134%;41410;1.19;3.77;0;0;4096;220229;3.69;0;0;0;0;0;375;0
load;batsim_out_jobs.csv;40c67da4ccf8;2;0;0;0;0;166856;32;122%;44775;1.27;5.08;0;0;4096;220229;5.19;0;0;0;0;0;364;0
gantt;batsim_out_jobs.csv;40c67da4ccf8;3;0;0;0;0;150580;32;134%;41397;1.20;3.76;0;0;4096;434683;3.69;0;0;0;0;0;352;0
load;batsim_out_jobs.csv;40c67da4ccf8;3;0;0;0;0;166980;32;120%;44528;1.10;5.59;0;0;4096;156388;5.54;0;0;0;0;0;357;0
gantt;batsim_out_jobs.csv;40c67da4ccf8;4;0;0;0;0;150632;32;127%;41338;2.16;4.02;0;0;4096;180044;4.86;0;0;0;0;0;364;0
load;batsim_out_jobs.csv;40c67da4ccf8;4;0;0;0;0;166844;32;123%;44632;1.17;4.96;0;0;4096;98;4.97;0;0;0;0;0;363;0
gantt;batsim_out_jobs.csv;40c67da4ccf8;5;0;0;0;0;150584;32;130%;41393;1.10;3.90;0;0;4096;437223;3.83;0;0;0;0;0;368;0
load;batsim_out_jobs.csv;40c67da4ccf8;5;0;0;0;0;167520;32;122%;44690;1.09;5.06;0;0;4096;432788;5.02;0;0;0;0;0;368;0
gantt;batsim_out_jobs.csv;40c67da4ccf8;6;0;0;0;0;150204;32;129%;41390;2.23;4.00;0;0;4096;293;4.81;0;0;0;0;0;360;0
load;batsim_out_jobs.csv;40c67da4ccf8;6;0;0;0;0;167024;32;120%;44720;1.14;5.96;0;0;4096;101;5.90;0;0;0;0;0;366;0
gantt;batsim_out_jobs.csv;40c67da4ccf8;7;0;0;0;0;150776;32;136%;41347;1.27;3.82;0;0;4096;90;3.74;0;0;0;0;0;355;0
load;batsim_out_jobs.csv;40c67da4ccf8;7;0;0;0;0;167444;32;123%;44617;1.14;5.03;0;0;4096;432485;5.01;0;0;0;0;0;368;0
gantt;batsim_out_jobs.csv;40c67da4ccf8;8;0;0;0;0;150652;32;134%;41372;1.23;3.75;0;0;4096;219863;3.70;0;0;0;0;0;363;0
load;batsim_out_jobs.csv;40c67da4ccf8;8;0;0;0;0;167240;32;123%;44727;1.12;5.00;0;0;4096;149062;4.96;0;0;0;0;0;358;0
gantt;batsim_out_jobs.csv;40c67da4ccf8;9;0;0;0;0;150752;32;135%;41271;1.26;3.79;0;0;4096;154756;3.74;0;0;0;0;0;367;0
load;batsim_out_jobs.csv;40c67da4ccf8;9;0;0;0;0;167448;32;123%;44587;1.08;5.03;0;0;4096;220252;4.96;0;0;0;0;0;368;0
gantt;batsim_out_jobs.csv;40c67da4ccf8;10;0;0;0;0;150444;32;136%;41291;1.29;3.78;0;0;4096;101;3.72;0;0;0;0;0;366;0
load;batsim_out_jobs.csv;40c67da4ccf8;10;0;0;0;0;167412;32;123%;44713;1.12;4.95;0;0;4096;99;4.91;0;0;0;0;0;363;0
gantt;batsim_out_jobs.csv;40c67da4ccf8;11;0;0;0;0;150604;32;136%;41576;1.26;3.84;0;0;4096;216795;3.75;0;0;0;0;0;369;0
load;batsim_out_jobs.csv;40c67da4ccf8;11;0;0;0;0;167244;32;123%;44671;1.09;4.98;0;0;4096;433084;4.94;0;0;0;0;0;366;0
gantt;batsim_out_jobs.csv;40c67da4ccf8;12;0;0;0;0;150420;32;136%;41302;1.24;3.89;0;0;4096;119;3.77;0;0;0;0;0;374;0
load;batsim_out_jobs.csv;40c67da4ccf8;12;0;0;0;0;167100;32;123%;44537;1.12;5.05;0;0;4096;89;5.00;0;0;0;0;0;357;0
gantt;batsim_out_jobs.csv;40c67da4ccf8;13;0;0;0;0;150328;32;129%;41387;1.20;4.48;0;0;4096;157097;4.39;0;0;0;0;0;368;0
load;batsim_out_jobs.csv;40c67da4ccf8;13;0;0;0;0;167260;32;122%;44818;1.12;5.02;0;0;4096;220495;5.00;0;0;0;0;0;366;0
gantt;batsim_out_jobs.csv;40c67da4ccf8;14;0;0;0;0;150768;32;136%;41393;1.32;3.77;0;0;4096;127;3.73;0;0;0;0;0;360;0
load;batsim_out_jobs.csv;40c67da4ccf8;14;0;0;0;0;167332;32;123%;44859;1.14;4.99;0;0;4096;220638;4.96;0;0;0;0;0;362;0
gantt;batsim_out_jobs.csv;40c67da4ccf8;15;0;0;0;0;150420;32;129%;41373;1.23;4.44;0;0;4096;155754;4.39;0;0;0;0;0;363;0
load;batsim_out_jobs.csv;40c67da4ccf8;15;0;0;0;0;167340;32;123%;44693;1.08;5.09;0;0;4096;183;5.01;0;0;0;0;0;357;0
gantt;batsim_out_jobs.csv;40c67da4ccf8;16;0;0;0;0;150600;32;134%;41365;1.22;3.75;0;0;4096;220557;3.69;0;0;0;0;0;363;0
load;batsim_out_jobs.csv;40c67da4ccf8;16;0;0;0;0;167464;32;123%;44611;1.11;5.00;0;0;4096;220250;4.95;0;0;0;0;0;367;0
gantt;batsim_out_jobs.csv;40c67da4ccf8;17;0;0;0;0;150704;32;130%;41405;2.00;3.83;0;0;4096;213067;4.49;0;0;0;0;0;363;0
load;batsim_out_jobs.csv;40c67da4ccf8;17;0;0;0;0;167004;32;122%;44620;1.10;5.08;0;0;4096;103;5.05;0;0;0;0;0;359;0
gantt;batsim_out_jobs.csv;40c67da4ccf8;18;0;0;0;0;150648;32;128%;41302;2.19;3.88;0;0;4096;436337;4.74;0;0;0;0;0;367;0
load;batsim_out_jobs.csv;40c67da4ccf8;18;0;0;0;0;167148;32;119%;44472;1.16;5.94;0;0;4096;150537;5.93;0;0;0;0;0;368;0
gantt;batsim_out_jobs.csv;40c67da4ccf8;19;0;0;0;0;150524;32;133%;41412;1.21;3.88;0;0;4096;220864;3.80;0;0;0;0;0;365;0
load;batsim_out_jobs.csv;40c67da4ccf8;19;0;0;0;0;166868;32;118%;44832;2.56;5.13;0;0;4096;458;6.52;0;0;0;0;0;354;0
gantt;batsim_out_jobs.csv;40c67da4ccf8;20;0;0;0;0;150264;32;135%;41274;1.12;3.81;0;0;4096;434346;3.65;0;0;0;0;0;368;0
load;batsim_out_jobs.csv;40c67da4ccf8;20;0;0;0;0;166700;32;123%;44663;1.12;5.05;0;0;4096;203749;5.01;0;0;0;0;0;362;0
gantt;batsim_out_jobs.csv;40c67da4ccf8;21;0;0;0;0;150520;32;136%;41334;1.29;3.84;0;0;4096;103;3.77;0;0;0;0;0;370;0
load;batsim_out_jobs.csv;40c67da4ccf8;21;0;0;0;0;167420;32;122%;44711;1.15;5.10;0;0;4096;435077;5.10;0;0;0;0;0;350;0
gantt;batsim_out_jobs.csv;40c67da4ccf8;22;0;0;0;0;150804;32;130%;41259;1.80;4.14;0;0;4096;213;4.54;0;0;0;0;0;358;0
load;batsim_out_jobs.csv;40c67da4ccf8;22;0;0;0;0;167532;32;117%;44543;1.04;6.24;0;0;4096;363048;6.21;0;0;0;0;0;364;0
gantt;batsim_out_jobs.csv;40c67da4ccf8;23;0;0;0;0;150472;32;127%;41573;1.18;4.58;0;0;4096;157776;4.52;0;0;0;0;0;355;0
load;batsim_out_jobs.csv;40c67da4ccf8;23;0;0;0;0;167324;32;122%;44632;1.12;4.98;0;0;4096;241;4.98;0;0;0;0;0;364;0
gantt;batsim_out_jobs.csv;40c67da4ccf8;24;0;0;0;0;150488;32;134%;41418;1.23;3.72;0;0;4096;434698;3.68;0;0;0;0;0;370;0
load;batsim_out_jobs.csv;40c67da4ccf8;24;0;0;0;0;167072;32;118%;44506;1.54;5.68;0;0;4096;168;6.09;0;0;0;0;0;362;0
gantt;batsim_out_jobs.csv;40c67da4ccf8;25;0;0;0;0;150828;32;129%;41442;1.22;4.42;0;0;4096;307612;4.35;0;0;0;0;0;366;0
load;batsim_out_jobs.csv;40c67da4ccf8;25;0;0;0;0;167316;32;123%;44699;1.06;5.08;0;0;4096;213921;4.98;0;0;0;0;0;362;0
gantt;batsim_out_jobs.csv;40c67da4ccf8;26;0;0;0;0;150536;32;133%;41446;1.14;3.87;0;0;4096;434736;3.76;0;0;0;0;0;360;0
load;batsim_out_jobs.csv;40c67da4ccf8;26;0;0;0;0;166988;32;122%;44738;1.10;5.08;0;0;4096;203732;5.06;0;0;0;0;0;368;0
gantt;batsim_out_jobs.csv;40c67da4ccf8;27;0;0;0;0;150388;32;131%;41320;1.03;3.86;0;0;4096;676313;3.71;0;0;0;0;0;360;0
load;batsim_out_jobs.csv;40c67da4ccf8;27;0;0;0;0;166696;32;123%;44597;1.09;4.99;0;0;4096;204066;4.92;0;0;0;0;0;368;0
gantt;batsim_out_jobs.csv;40c67da4ccf8;28;0;0;0;0;150608;32;129%;41583;1.24;4.38;0;0;4096;308435;4.34;0;0;0;0;0;367;0
load;batsim_out_jobs.csv;40c67da4ccf8;28;0;0;0;0;167172;32;122%;44605;1.12;4.98;0;0;4096;433813;4.97;0;0;0;0;0;349;0
gantt;batsim_out_jobs.csv;40c67da4ccf8;29;0;0;0;0;150096;32;136%;41425;1.25;3.80;0;0;4096;214624;3.70;0;0;0;0;0;357;0
load;batsim_out_jobs.csv;40c67da4ccf8;29;0;0;0;0;167420;32;122%;44679;1.13;5.06;0;0;4096;100;5.03;0;0;0;0;0;359;0
gantt;batsim_out_jobs.csv;40c67da4ccf8;30;0;0;0;0;150660;32;132%;41413;1.11;3.86;0;0;4096;437754;3.76;0;0;0;0;0;361;0
load;batsim_out_jobs.csv;40c67da4ccf8;30;0;0;0;0;167436;32;121%;44585;1.02;5.00;0;0;4096;374463;4.97;0;0;0;0;0;363;0
gantt;jobs.csv;484e302528a6;1;0;0;0;0;128036;32;152%;35902;1.18;2.68;0;0;4096;80;2.53;0;0;0;0;0;365;0
load;jobs.csv;484e302528a6;1;0;0;0;0;141896;32;136%;38357;1.06;3.26;0;0;4096;219411;3.16;0;0;0;0;0;364;0
gantt;jobs.csv;484e302528a6;2;0;0;0;0;127976;32;152%;35684;1.27;2.57;0;0;4096;152057;2.52;0;0;0;0;0;366;0
load;jobs.csv;484e302528a6;2;0;0;0;0;141664;32;136%;38286;1.04;3.32;0;0;4096;433164;3.20;0;0;0;0;0;347;0
gantt;jobs.csv;484e302528a6;3;0;0;0;0;128324;32;159%;35624;1.18;2.29;0;0;4096;98;2.17;0;0;0;0;0;370;0
load;jobs.csv;484e302528a6;3;0;0;0;0;141860;32;130%;38335;1.08;3.84;0;0;4096;101288;3.76;0;0;0;0;0;360;0
gantt;jobs.csv;484e302528a6;4;0;0;0;0;127996;32;158%;35747;1.14;2.25;0;0;4096;221753;2.14;0;0;0;0;0;365;0
load;jobs.csv;484e302528a6;4;0;0;0;0;141748;32;131%;38389;1.08;3.82;0;0;4096;155854;3.74;0;0;0;0;0;363;0
gantt;jobs.csv;484e302528a6;5;0;0;0;0;128476;32;149%;35650;1.36;2.59;0;0;4096;215905;2.63;0;0;0;0;0;368;0
load;jobs.csv;484e302528a6;5;0;0;0;0;141716;32;130%;38287;1.04;3.80;0;0;4096;156060;3.71;0;0;0;0;0;371;0
gantt;jobs.csv;484e302528a6;6;0;0;0;0;128364;32;158%;35841;1.17;2.24;0;0;4096;222379;2.14;0;0;0;0;0;369;0
load;jobs.csv;484e302528a6;6;0;0;0;0;141672;32;130%;38362;1.09;3.84;0;0;4096;86;3.77;0;0;0;0;0;364;0
gantt;jobs.csv;484e302528a6;7;0;0;0;0;128112;32;150%;35869;1.78;2.34;0;0;4096;214842;2.74;0;0;0;0;0;350;0
load;jobs.csv;484e302528a6;7;0;0;0;0;141968;32;136%;38283;1.11;3.27;0;0;4096;212850;3.21;0;0;0;0;0;372;0
gantt;jobs.csv;484e302528a6;8;0;0;0;0;127828;32;150%;35694;1.18;2.55;0;0;4096;225426;2.49;0;0;0;0;0;365;0
load;jobs.csv;484e302528a6;8;0;0;0;0;141528;32;136%;38238;1.10;3.25;0;0;4096;96;3.19;0;0;0;0;0;362;0
gantt;jobs.csv;484e302528a6;9;0;0;0;0;128732;32;160%;35785;1.23;2.27;0;0;4096;86;2.17;0;0;0;0;0;360;0
load;jobs.csv;484e302528a6;9;0;0;0;0;141948;32;136%;38353;1.13;3.23;0;0;4096;219485;3.20;0;0;0;0;0;367;0
gantt;jobs.csv;484e302528a6;10;0;0;0;0;128232;32;148%;35793;1.06;2.76;0;0;4096;309731;2.57;0;0;0;0;0;360;0
load;jobs.csv;484e302528a6;10;0;0;0;0;141892;32;133%;38389;1.08;3.26;0;0;4096;216671;3.26;0;0;0;0;0;360;0
gantt;jobs.csv;484e302528a6;11;0;0;0;0;128404;32;157%;35893;1.16;2.27;0;0;4096;436475;2.17;0;0;0;0;0;361;0
load;jobs.csv;484e302528a6;11;0;0;0;0;141876;32;129%;38200;1.48;3.62;0;0;4096;214432;3.94;0;0;0;0;0;362;0
gantt;jobs.csv;484e302528a6;12;0;0;0;0;128360;32;150%;35699;1.17;2.56;0;0;4096;156866;2.47;0;0;0;0;0;362;0
load;jobs.csv;484e302528a6;12;0;0;0;0;141772;32;136%;38265;1.09;3.30;0;0;4096;213007;3.23;0;0;0;0;0;364;0
gantt;jobs.csv;484e302528a6;13;0;0;0;0;128172;32;152%;35780;1.21;2.65;0;0;4096;152228;2.53;0;0;0;0;0;357;0
load;jobs.csv;484e302528a6;13;0;0;0;0;141168;32;130%;38169;1.16;3.84;0;0;4096;219457;3.84;0;0;0;0;0;354;0
gantt;jobs.csv;484e302528a6;14;0;0;0;0;128280;32;161%;35777;1.20;2.26;0;0;4096;212850;2.14;0;0;0;0;0;365;0
load;jobs.csv;484e302528a6;14;0;0;0;0;141704;32;130%;38406;1.16;3.80;0;0;4096;108;3.80;0;0;0;0;0;365;0
gantt;jobs.csv;484e302528a6;15;0;0;0;0;128372;32;159%;35657;1.15;2.21;0;0;4096;438049;2.11;0;0;0;0;0;347;0
load;jobs.csv;484e302528a6;15;0;0;0;0;141980;32;128%;38345;2.08;3.24;0;0;4096;214875;4.16;0;0;0;0;0;352;0
gantt;jobs.csv;484e302528a6;16;0;0;0;0;128328;32;148%;35706;1.58;2.40;0;0;4096;174006;2.68;0;0;0;0;0;362;0
load;jobs.csv;484e302528a6;16;0;0;0;0;141664;32;135%;38367;1.12;3.26;0;0;4096;120;3.24;0;0;0;0;0;370;0
gantt;jobs.csv;484e302528a6;17;0;0;0;0;128088;32;158%;35735;1.12;2.28;0;0;4096;427453;2.15;0;0;0;0;0;369;0
load;jobs.csv;484e302528a6;17;0;0;0;0;141360;32;127%;38184;1.71;3.43;0;0;4096;231;4.02;0;0;0;0;0;362;0
gantt;jobs.csv;484e302528a6;18;0;0;0;0;128368;32;155%;35681;1.20;2.36;0;0;4096;247;2.28;0;0;0;0;0;367;0
load;jobs.csv;484e302528a6;18;0;0;0;0;142000;32;133%;38400;1.02;3.40;0;0;4096;220893;3.32;0;0;0;0;0;369;0
gantt;jobs.csv;484e302528a6;19;0;0;0;0;127880;32;158%;35725;1.16;2.24;0;0;4096;417212;2.15;0;0;0;0;0;366;0
load;jobs.csv;484e302528a6;19;0;0;0;0;142112;32;131%;38249;1.02;3.36;0;0;4096;206991;3.33;0;0;0;0;0;365;0
gantt;jobs.csv;484e302528a6;20;0;0;0;0;128432;32;156%;35694;1.16;2.30;0;0;4096;214560;2.21;0;0;0;0;0;366;0
load;jobs.csv;484e302528a6;20;0;0;0;0;141568;32;133%;38261;1.12;3.30;0;0;4096;545;3.32;0;0;0;0;0;367;0
gantt;jobs.csv;484e302528a6;21;0;0;0;0;128436;32;153%;35615;1.04;2.34;0;0;4096;216587;2.21;0;0;0;0;0;352;0
load;jobs.csv;484e302528a6;21;0;0;0;0;141796;32;135%;38321;1.15;3.27;0;0;4096;111;3.27;0;0;0;0;0;363;0
gantt;jobs.csv;484e302528a6;22;0;0;0;0;128152;32;160%;35679;1.19;2.28;0;0;4096;81;2.16;0;0;0;0;0;365;0
load;jobs.csv;484e302528a6;22;0;0;0;0;141568;32;134%;38312;1.06;3.30;0;0;4096;153;3.24;0;0;0;0;0;364;0
gantt;jobs.csv;484e302528a6;23;0;0;0;0;128112;32;160%;35806;1.20;2.27;0;0;4096;100;2.16;0;0;0;0;0;361;0
load;jobs.csv;484e302528a6;23;0;0;0;0;141696;32;136%;38354;1.10;3.28;0;0;4096;219675;3.22;0;0;0;0;0;359;0
gantt;jobs.csv;484e302528a6;24;0;0;0;0;128360;32;158%;35706;1.18;2.23;0;0;4096;222755;2.16;0;0;0;0;0;370;0
load;jobs.csv;484e302528a6;24;0;0;0;0;141908;32;136%;38330;1.04;3.30;0;0;4096;432344;3.18;0;0;0;0;0;359;0
gantt;jobs.csv;484e302528a6;25;0;0;0;0;128284;32;148%;35762;1.53;2.40;0;0;4096;219275;2.64;0;0;0;0;0;362;0
load;jobs.csv;484e302528a6;25;0;0;0;0;141868;32;136%;38227;1.15;3.23;0;0;4096;205126;3.21;0;0;0;0;0;363;0
gantt;jobs.csv;484e302528a6;26;0;0;0;0;128244;32;153%;35965;1.10;2.27;0;0;4096;188685;2.19;0;0;0;0;0;361;0
load;jobs.csv;484e302528a6;26;0;0;0;0;141508;32;136%;38218;1.14;3.17;0;0;4096;433467;3.15;0;0;0;0;0;363;0
gantt;jobs.csv;484e302528a6;27;0;0;0;0;128356;32;160%;35645;1.19;2.26;0;0;4096;213498;2.15;0;0;0;0;0;362;0
load;jobs.csv;484e302528a6;27;0;0;0;0;141748;32;136%;38272;1.12;3.24;0;0;4096;118;3.20;0;0;0;0;0;365;0
gantt;jobs.csv;484e302528a6;28;0;0;0;0;128396;32;156%;35737;1.17;2.25;0;0;4096;240;2.18;0;0;0;0;0;367;0
load;jobs.csv;484e302528a6;28;0;0;0;0;141904;32;136%;38310;1.07;3.27;0;0;4096;434872;3.18;0;0;0;0;0;361;0
gantt;jobs.csv;484e302528a6;29;0;0;0;0;128256;32;150%;35707;1.14;2.53;0;0;4096;372297;2.44;0;0;0;0;0;367;0
load;jobs.csv;484e302528a6;29;0;0;0;0;141672;32;136%;38189;1.09;3.25;0;0;4096;213385;3.17;0;0;0;0;0;355;0
gantt;jobs.csv;484e302528a6;30;0;0;0;0;128100;32;157%;35639;1.28;2.40;0;0;4096;89;2.33;0;0;0;0;0;365;0
load;jobs.csv;484e302528a6;30;0;0;0;0;142028;32;131%;38247;1.04;3.84;0;0;4096;309931;3.72;0;0;0;0;0;367;0
gantt;batsim_out_jobs.csv;484e302528a6;1;0;0;0;0;150936;32;134%;41624;1.16;3.79;0;0;4096;434377;3.68;0;0;0;0;0;367;0
load;batsim_out_jobs.csv;484e302528a6;1;0;0;0;0;167412;32;122%;44864;1.22;5.10;0;0;4096;220680;5.17;0;0;0;0;0;366;0
gantt;batsim_out_jobs.csv;484e302528a6;2;0;0;0;0;150676;32;129%;41540;1.28;4.37;0;0;4096;158500;4.38;0;0;0;0;0;370;0
load;batsim_out_jobs.csv;484e302528a6;2;0;0;0;0;167168;32;119%;44760;1.20;5.88;0;0;4096;128;5.92;0;0;0;0;0;363;0
gantt;batsim_out_jobs.csv;484e302528a6;3;0;0;0;0;150780;32;131%;41427;1.30;4.41;0;0;4096;88;4.34;0;0;0;0;0;361;0
load;batsim_out_jobs.csv;484e302528a6;3;0;0;0;0;167160;32;122%;44710;1.25;5.00;0;0;4096;203335;5.08;0;0;0;0;0;367;0
gantt;batsim_out_jobs.csv;484e302528a6;4;0;0;0;0;150868;32;136%;41232;1.33;3.73;0;0;4096;213663;3.71;0;0;0;0;0;359;0
load;batsim_out_jobs.csv;484e302528a6;4;0;0;0;0;167364;32;123%;44730;1.13;5.00;0;0;4096;220270;4.98;0;0;0;0;0;373;0
gantt;batsim_out_jobs.csv;484e302528a6;5;0;0;0;0;150924;32;134%;41378;1.20;3.74;0;0;4096;433663;3.66;0;0;0;0;0;359;0
load;batsim_out_jobs.csv;484e302528a6;5;0;0;0;0;167104;32;123%;44685;1.12;5.06;0;0;4096;202918;5.02;0;0;0;0;0;369;0
gantt;batsim_out_jobs.csv;484e302528a6;6;0;0;0;0;150900;32;129%;41340;1.51;4.35;0;0;4096;182498;4.52;0;0;0;0;0;366;0
load;batsim_out_jobs.csv;484e302528a6;6;0;0;0;0;167420;32;119%;44798;1.10;6.08;0;0;4096;156506;6.02;0;0;0;0;0;366;0
gantt;batsim_out_jobs.csv;484e302528a6;7;0;0;0;0;150768;32;128%;42118;1.74;4.09;0;0;4096;372473;4.54;0;0;0;0;0;351;0
load;batsim_out_jobs.csv;484e302528a6;7;0;0;0;0;167552;32;123%;45017;1.16;4.98;0;0;4096;213500;4.98;0;0;0;0;0;368;0
gantt;batsim_out_jobs.csv;484e302528a6;8;0;0;0;0;151176;32;135%;41709;1.28;3.77;0;0;4096;214704;3.72;0;0;0;0;0;358;0
load;batsim_out_jobs.csv;484e302528a6;8;0;0;0;0;167276;32;122%;44758;1.14;5.10;0;0;4096;205865;5.08;0;0;0;0;0;369;0
gantt;batsim_out_jobs.csv;484e302528a6;9;0;0;0;0;150884;32;136%;41532;1.27;3.84;0;0;4096;214497;3.76;0;0;0;0;0;361;0
load;batsim_out_jobs.csv;484e302528a6;9;0;0;0;0;166596;32;123%;44882;1.22;4.93;0;0;4096;84;4.99;0;0;0;0;0;361;0
gantt;batsim_out_jobs.csv;484e302528a6;10;0;0;0;0;151032;32;134%;41450;1.74;3.87;0;0;4096;160;4.19;0;0;0;0;0;357;0
load;batsim_out_jobs.csv;484e302528a6;10;0;0;0;0;167500;32;123%;44828;1.14;4.96;0;0;4096;420227;4.94;0;0;0;0;0;362;0
gantt;batsim_out_jobs.csv;484e302528a6;11;0;0;0;0;150952;32;136%;41652;1.21;3.88;0;0;4096;214922;3.73;0;0;0;0;0;360;0
load;batsim_out_jobs.csv;484e302528a6;11;0;0;0;0;167028;32;118%;44866;2.53;5.12;0;0;4096;330;6.48;0;0;0;0;0;357;0
gantt;batsim_out_jobs.csv;484e302528a6;12;0;0;0;0;150640;32;129%;41466;1.24;4.40;0;0;4096;156388;4.35;0;0;0;0;0;359;0
load;batsim_out_jobs.csv;484e302528a6;12;0;0;0;0;167260;32;123%;44948;1.07;5.11;0;0;4096;384600;5.02;0;0;0;0;0;357;0
gantt;batsim_out_jobs.csv;484e302528a6;13;0;0;0;0;150660;32;130%;41413;1.48;4.50;0;0;4096;124;4.59;0;0;0;0;0;365;0
load;batsim_out_jobs.csv;484e302528a6;13;0;0;0;0;167472;32;122%;44735;1.08;5.08;0;0;4096;216139;5.05;0;0;0;0;0;368;0
gantt;batsim_out_jobs.csv;484e302528a6;14;0;0;0;0;150820;32;132%;41417;1.17;3.98;0;0;4096;221869;3.89;0;0;0;0;0;352;0
load;batsim_out_jobs.csv;484e302528a6;14;0;0;0;0;167212;32;123%;44783;1.16;5.08;0;0;4096;220080;5.07;0;0;0;0;0;370;0
gantt;batsim_out_jobs.csv;484e302528a6;15;0;0;0;0;150720;32;128%;41509;1.87;3.92;0;0;4096;425654;4.50;0;0;0;0;0;363;0
load;batsim_out_jobs.csv;484e302528a6;15;0;0;0;0;166952;32;119%;44706;1.30;5.80;0;0;4096;372866;5.95;0;0;0;0;0;355;0
gantt;batsim_out_jobs.csv;484e302528a6;16;0;0;0;0;150688;32;133%;41532;1.13;3.88;0;0;4096;376471;3.75;0;0;0;0;0;361;0
load;batsim_out_jobs.csv;484e302528a6;16;0;0;0;0;166548;32;123%;44764;1.11;5.07;0;0;4096;219912;5.02;0;0;0;0;0;369;0
gantt;batsim_out_jobs.csv;484e302528a6;17;0;0;0;0;150564;32;133%;41453;1.19;3.82;0;0;4096;198834;3.76;0;0;0;0;0;365;0
load;batsim_out_jobs.csv;484e302528a6;17;0;0;0;0;167548;32;123%;44899;1.12;5.00;0;0;4096;420030;4.97;0;0;0;0;0;354;0
gantt;batsim_out_jobs.csv;484e302528a6;18;0;0;0;0;150568;32;130%;41311;1.09;4.00;0;0;4096;605855;3.90;0;0;0;0;0;365;0
load;batsim_out_jobs.csv;484e302528a6;18;0;0;0;0;167468;32;122%;44894;1.03;5.15;0;0;4096;142827;5.04;0;0;0;0;0;368;0
gantt;batsim_out_jobs.csv;484e302528a6;19;0;0;0;0;150372;32;127%;41277;1.04;3.82;0;0;4096;335556;3.83;0;0;0;0;0;362;0
load;batsim_out_jobs.csv;484e302528a6;19;0;0;0;0;167504;32;121%;44815;1.01;5.17;0;0;4096;435475;5.09;0;0;0;0;0;365;0
gantt;batsim_out_jobs.csv;484e302528a6;20;0;0;0;0;150744;32;132%;41454;1.17;3.98;0;0;4096;220307;3.89;0;0;0;0;0;368;0
load;batsim_out_jobs.csv;484e302528a6;20;0;0;0;0;167172;32;119%;44863;1.02;5.25;0;0;4096;215375;5.25;0;0;0;0;0;361;0
gantt;batsim_out_jobs.csv;484e302528a6;21;0;0;0;0;150896;32;132%;41628;1.21;3.85;0;0;4096;221428;3.82;0;0;0;0;0;371;0
load;batsim_out_jobs.csv;484e302528a6;21;0;0;0;0;167280;32;121%;44850;1.11;5.24;0;0;4096;433562;5.23;0;0;0;0;0;374;0
gantt;batsim_out_jobs.csv;484e302528a6;22;0;0;0;0;150992;32;131%;41416;1.12;3.91;0;0;4096;202885;3.84;0;0;0;0;0;365;0
load;batsim_out_jobs.csv;484e302528a6;22;0;0;0;0;166756;32;121%;44769;1.05;5.52;0;0;4096;213992;5.43;0;0;0;0;0;370;0
gantt;batsim_out_jobs.csv;484e302528a6;23;0;0;0;0;150768;32;132%;41491;1.16;3.91;0;0;4096;368891;3.82;0;0;0;0;0;372;0
load;batsim_out_jobs.csv;484e302528a6;23;0;0;0;0;167444;32;119%;44828;0.95;5.25;0;0;4096;93934;5.20;0;0;0;0;0;369;0
gantt;batsim_out_jobs.csv;484e302528a6;24;0;0;0;0;150852;32;132%;41550;1.19;3.96;0;0;4096;221;3.87;0;0;0;0;0;366;0
load;batsim_out_jobs.csv;484e302528a6;24;0;0;0;0;167136;32;121%;44881;1.11;5.12;0;0;4096;221411;5.12;0;0;0;0;0;373;0
gantt;batsim_out_jobs.csv;484e302528a6;25;0;0;0;0;150736;32;129%;41575;1.13;3.99;0;0;4096;134316;3.96;0;0;0;0;0;354;0
load;batsim_out_jobs.csv;484e302528a6;25;0;0;0;0;167424;32;120%;44859;1.05;5.43;0;0;4096;158;5.36;0;0;0;0;0;362;0
gantt;batsim_out_jobs.csv;484e302528a6;26;0;0;0;0;150768;32;127%;41413;1.20;4.69;0;0;4096;269;4.64;0;0;0;0;0;362;0
load;batsim_out_jobs.csv;484e302528a6;26;0;0;0;0;166664;32;117%;44616;2.40;5.36;0;0;4096;433687;6.61;0;0;0;0;0;366;0
gantt;batsim_out_jobs.csv;484e302528a6;27;0;0;0;0;150988;32;134%;41491;1.23;3.91;0;0;4096;215201;3.82;0;0;0;0;0;366;0
load;batsim_out_jobs.csv;484e302528a6;27;0;0;0;0;166684;32;122%;44687;1.07;5.18;0;0;4096;220787;5.11;0;0;0;0;0;366;0
gantt;batsim_out_jobs.csv;484e302528a6;28;0;0;0;0;150660;32;127%;41328;1.08;4.66;0;0;4096;290276;4.51;0;0;0;0;0;368;0
load;batsim_out_jobs.csv;484e302528a6;28;0;0;0;0;167524;32;122%;44838;1.08;5.25;0;0;4096;219782;5.17;0;0;0;0;0;368;0
gantt;batsim_out_jobs.csv;484e302528a6;29;0;0;0;0;150404;32;130%;41591;1.18;3.97;0;0;4096;311714;3.96;0;0;0;0;0;361;0
load;batsim_out_jobs.csv;484e302528a6;29;0;0;0;0;167336;32;115%;44820;1.09;6.24;0;0;4096;660341;6.35;0;0;0;0;0;358;0
gantt;batsim_out_jobs.csv;484e302528a6;30;0;0;0;0;150696;32;131%;41503;1.18;3.91;0;0;4096;215290;3.89;0;0;0;0;0;362;0
load;batsim_out_jobs.csv;484e302528a6;30;0;0;0;0;167008;32;118%;44831;0.98;5.22;0;0;4096;431353;5.23;0;0;0;0;0;365;0
gantt;jobs.csv;cebbabb56326;1;0;0;0;0;128140;32;150%;35992;1.33;2.58;0;0;4096;213552;2.59;0;0;0;0;0;360;0
load;jobs.csv;cebbabb56326;1;0;0;0;0;141440;32;130%;38520;1.26;3.76;0;0;4096;115;3.85;0;0;0;0;0;362;0
gantt;jobs.csv;cebbabb56326;2;0;0;0;0;128208;32;157%;35667;1.39;2.24;0;0;4096;215541;2.31;0;0;0;0;0;359;0
load;jobs.csv;cebbabb56326;2;0;0;0;0;141860;32;128%;38286;1.99;3.34;0;0;4096;247;4.15;0;0;0;0;0;352;0
gantt;jobs.csv;cebbabb56326;3;0;0;0;0;128484;32;158%;35832;1.17;2.23;0;0;4096;221206;2.14;0;0;0;0;0;369;0
load;jobs.csv;cebbabb56326;3;0;0;0;0;141896;32;130%;38422;1.19;3.78;0;0;4096;146;3.81;0;0;0;0;0;357;0
gantt;jobs.csv;cebbabb56326;4;0;0;0;0;128384;32;158%;35617;1.12;2.28;0;0;4096;221504;2.14;0;0;0;0;0;360;0
load;jobs.csv;cebbabb56326;4;0;0;0;0;141988;32;136%;38193;1.12;3.22;0;0;4096;109;3.19;0;0;0;0;0;367;0
gantt;jobs.csv;cebbabb56326;5;0;0;0;0;128540;32;158%;35584;1.02;2.36;0;0;4096;437247;2.14;0;0;0;0;0;355;0
load;jobs.csv;cebbabb56326;5;0;0;0;0;141888;32;131%;38299;1.14;3.74;0;0;4096;155395;3.72;0;0;0;0;0;367;0
gantt;jobs.csv;cebbabb56326;6;0;0;0;0;128372;32;158%;35668;1.15;2.30;0;0;4096;140;2.18;0;0;0;0;0;373;0
load;jobs.csv;cebbabb56326;6;0;0;0;0;141752;32;136%;38390;1.10;3.23;0;0;4096;432803;3.17;0;0;0;0;0;365;0
gantt;jobs.csv;cebbabb56326;7;0;0;0;0;127880;32;161%;35688;1.21;2.25;0;0;4096;216464;2.14;0;0;0;0;0;362;0
load;jobs.csv;cebbabb56326;7;0;0;0;0;142088;32;128%;38376;1.98;3.27;0;0;4096;214956;4.08;0;0;0;0;0;360;0
gantt;jobs.csv;cebbabb56326;8;0;0;0;0;128176;32;156%;35631;1.22;2.26;0;0;4096;221646;2.22;0;0;0;0;0;368;0
load;jobs.csv;cebbabb56326;8;0;0;0;0;141800;32;133%;38249;1.38;3.28;0;0;4096;125;3.49;0;0;0;0;0;363;0
gantt;jobs.csv;cebbabb56326;9;0;0;0;0;128664;32;150%;35736;1.18;2.58;0;0;4096;308475;2.49;0;0;0;0;0;368;0
load;jobs.csv;cebbabb56326;9;0;0;0;0;142056;32;136%;38327;1.08;3.28;0;0;4096;212578;3.21;0;0;0;0;0;363;0
gantt;jobs.csv;cebbabb56326;10;0;0;0;0;128320;32;158%;35655;1.20;2.21;0;0;4096;221260;2.14;0;0;0;0;0;365;0
load;jobs.csv;cebbabb56326;10;0;0;0;0;141596;32;136%;38278;1.09;3.26;0;0;4096;219501;3.19;0;0;0;0;0;357;0
gantt;jobs.csv;cebbabb56326;11;0;0;0;0;128152;32;160%;35656;1.26;2.25;0;0;4096;92;2.19;0;0;0;0;0;362;0
load;jobs.csv;cebbabb56326;11;0;0;0;0;142032;32;136%;38357;1.08;3.26;0;0;4096;219464;3.17;0;0;0;0;0;373;0
gantt;jobs.csv;cebbabb56326;12;0;0;0;0;128288;32;150%;35643;1.73;2.38;0;0;4096;215227;2.74;0;0;0;0;0;361;0
load;jobs.csv;cebbabb56326;12;0;0;0;0;141912;32;136%;39483;1.09;3.31;0;0;4096;95;3.23;0;0;0;0;0;366;0
gantt;jobs.csv;cebbabb56326;13;0;0;0;0;128420;32;160%;35749;1.18;2.26;0;0;4096;214513;2.15;0;0;0;0;0;363;0
load;jobs.csv;cebbabb56326;13;0;0;0;0;142032;32;136%;38331;1.09;3.24;0;0;4096;213593;3.18;0;0;0;0;0;355;0
gantt;jobs.csv;cebbabb56326;14;0;0;0;0;128432;32;159%;35659;1.22;2.25;0;0;4096;80;2.17;0;0;0;0;0;360;0
load;jobs.csv;cebbabb56326;14;0;0;0;0;141784;32;136%;38295;1.13;3.26;0;0;4096;87;3.22;0;0;0;0;0;370;0
gantt;jobs.csv;cebbabb56326;15;0;0;0;0;128476;32;157%;35647;1.33;2.21;0;0;4096;131;2.24;0;0;0;0;0;353;0
load;jobs.csv;cebbabb56326;15;0;0;0;0;141636;32;136%;38423;1.13;3.22;0;0;4096;220466;3.19;0;0;0;0;0;362;0
gantt;jobs.csv;cebbabb56326;16;0;0;0;0;128412;32;157%;35719;1.16;2.27;0;0;4096;437114;2.18;0;0;0;0;0;362;0
load;jobs.csv;cebbabb56326;16;0;0;0;0;141560;32;136%;38154;1.12;3.25;0;0;4096;215040;3.21;0;0;0;0;0;355;0
gantt;jobs.csv;cebbabb56326;17;0;0;0;0;128172;32;156%;35628;1.25;2.24;0;0;4096;221524;2.22;0;0;0;0;0;358;0
load;jobs.csv;cebbabb56326;17;0;0;0;0;141864;32;136%;38293;1.19;3.20;0;0;4096;108;3.22;0;0;0;0;0;359;0
gantt;jobs.csv;cebbabb56326;18;0;0;0;0;128292;32;157%;37334;1.16;2.26;0;0;4096;214291;2.17;0;0;0;0;0;368;0
load;jobs.csv;cebbabb56326;18;0;0;0;0;142032;32;130%;38286;1.16;3.85;0;0;4096;90;3.84;0;0;0;0;0;368;0
gantt;jobs.csv;cebbabb56326;19;0;0;0;0;128404;32;159%;35637;1.18;2.26;0;0;4096;214786;2.16;0;0;0;0;0;366;0
load;jobs.csv;cebbabb56326;19;0;0;0;0;141828;32;130%;38337;1.07;3.83;0;0;4096;154819;3.75;0;0;0;0;0;359;0
gantt;jobs.csv;cebbabb56326;20;0;0;0;0;128488;32;159%;35736;1.19;2.28;0;0;4096;146307;2.17;0;0;0;0;0;363;0
load;jobs.csv;cebbabb56326;20;0;0;0;0;141808;32;130%;38379;1.14;3.90;0;0;4096;157164;3.87;0;0;0;0;0;365;0
gantt;jobs.csv;cebbabb56326;21;0;0;0;0;128348;32;155%;35649;1.20;2.24;0;0;4096;228988;2.22;0;0;0;0;0;367;0
load;jobs.csv;cebbabb56326;21;0;0;0;0;141616;32;136%;38306;1.10;3.26;0;0;4096;212503;3.20;0;0;0;0;0;363;0
gantt;jobs.csv;cebbabb56326;22;0;0;0;0;128332;32;150%;35731;1.19;2.56;0;0;4096;311573;2.49;0;0;0;0;0;372;0
load;jobs.csv;cebbabb56326;22;0;0;0;0;141808;32;136%;38353;1.03;3.30;0;0;4096;432104;3.18;0;0;0;0;0;372;0
gantt;jobs.csv;cebbabb56326;23;0;0;0;0;128400;32;160%;35626;1.20;2.31;0;0;4096;81;2.18;0;0;0;0;0;364;0
load;jobs.csv;cebbabb56326;23;0;0;0;0;141864;32;135%;38331;1.10;3.24;0;0;4096;411503;3.19;0;0;0;0;0;364;0
gantt;jobs.csv;cebbabb56326;24;0;0;0;0;128304;32;160%;35694;1.24;2.28;0;0;4096;99;2.20;0;0;0;0;0;358;0
load;jobs.csv;cebbabb56326;24;0;0;0;0;141872;32;135%;38382;1.15;3.20;0;0;4096;100;3.21;0;0;0;0;0;365;0
gantt;jobs.csv;cebbabb56326;25;0;0;0;0;128408;32;150%;35715;1.13;2.57;0;0;4096;310278;2.46;0;0;0;0;0;365;0
load;jobs.csv;cebbabb56326;25;0;0;0;0;141940;32;129%;38373;1.14;3.78;0;0;4096;212;3.79;0;0;0;0;0;362;0
gantt;jobs.csv;cebbabb56326;26;0;0;0;0;128200;32;160%;35726;1.20;2.28;0;0;4096;87;2.17;0;0;0;0;0;368;0
load;jobs.csv;cebbabb56326;26;0;0;0;0;141740;32;136%;38274;1.11;3.26;0;0;4096;219254;3.21;0;0;0;0;0;360;0
gantt;jobs.csv;cebbabb56326;27;0;0;0;0;128280;32;158%;35715;1.17;2.23;0;0;4096;221093;2.15;0;0;0;0;0;366;0
load;jobs.csv;cebbabb56326;27;0;0;0;0;142100;32;136%;38316;1.03;3.26;0;0;4096;434765;3.14;0;0;0;0;0;373;0
gantt;jobs.csv;cebbabb56326;28;0;0;0;0;128400;32;160%;35587;1.20;2.23;0;0;4096;92;2.13;0;0;0;0;0;359;0
load;jobs.csv;cebbabb56326;28;0;0;0;0;141524;32;137%;38388;1.09;3.21;0;0;4096;219375;3.14;0;0;0;0;0;355;0
gantt;jobs.csv;cebbabb56326;29;0;0;0;0;128260;32;157%;35637;1.11;2.21;0;0;4096;436690;2.10;0;0;0;0;0;373;0
load;jobs.csv;cebbabb56326;29;0;0;0;0;141916;32;136%;38335;1.08;3.23;0;0;4096;360055;3.15;0;0;0;0;0;360;0
gantt;jobs.csv;cebbabb56326;30;0;0;0;0;128428;32;158%;35767;1.13;2.26;0;0;4096;435559;2.14;0;0;0;0;0;361;0
load;jobs.csv;cebbabb56326;30;0;0;0;0;141952;32;136%;38186;1.14;3.26;0;0;4096;133;3.23;0;0;0;0;0;362;0
gantt;batsim_out_jobs.csv;cebbabb56326;1;0;0;0;0;150528;32;135%;41375;1.20;3.76;0;0;4096;221128;3.67;0;0;0;0;0;365;0
load;batsim_out_jobs.csv;cebbabb56326;1;0;0;0;0;167004;32;123%;44770;1.15;4.95;0;0;4096;433334;4.94;0;0;0;0;0;365;0
gantt;batsim_out_jobs.csv;cebbabb56326;2;0;0;0;0;150756;32;136%;41440;1.28;3.77;0;0;4096;216905;3.70;0;0;0;0;0;360;0
load;batsim_out_jobs.csv;cebbabb56326;2;0;0;0;0;167444;32;123%;44802;1.10;4.99;0;0;4096;219432;4.94;0;0;0;0;0;361;0
gantt;batsim_out_jobs.csv;cebbabb56326;3;0;0;0;0;150904;32;133%;41341;1.26;3.87;0;0;4096;428679;3.85;0;0;0;0;0;369;0
load;batsim_out_jobs.csv;cebbabb56326;3;0;0;0;0;167488;32;123%;44836;1.13;5.10;0;0;4096;220338;5.06;0;0;0;0;0;368;0
gantt;batsim_out_jobs.csv;cebbabb56326;4;0;0;0;0;150676;32;129%;41476;1.22;4.47;0;0;4096;157966;4.41;0;0;0;0;0;363;0
load;batsim_out_jobs.csv;cebbabb56326;4;0;0;0;0;167516;32;122%;44796;1.07;5.10;0;0;4096;213266;5.04;0;0;0;0;0;359;0
gantt;batsim_out_jobs.csv;cebbabb56326;5;0;0;0;0;150712;32;135%;41515;1.27;3.86;0;0;4096;153296;3.78;0;0;0;0;0;364;0
load;batsim_out_jobs.csv;cebbabb56326;5;0;0;0;0;167276;32;121%;44793;1.62;5.08;0;0;4096;233;5.50;0;0;0;0;0;355;0
gantt;batsim_out_jobs.csv;cebbabb56326;6;0;0;0;0;150716;32;131%;41463;1.67;4.27;0;0;4096;215577;4.53;0;0;0;0;0;355;0
load;batsim_out_jobs.csv;cebbabb56326;6;0;0;0;0;167000;32;121%;44805;1.12;5.08;0;0;4096;408013;5.09;0;0;0;0;0;366;0
gantt;batsim_out_jobs.csv;cebbabb56326;7;0;0;0;0;150652;32;131%;41431;1.26;4.46;0;0;4096;84;4.36;0;0;0;0;0;368;0
load;batsim_out_jobs.csv;cebbabb56326;7;0;0;0;0;166760;32;123%;44799;1.06;5.10;0;0;4096;433869;5.00;0;0;0;0;0;365;0
gantt;batsim_out_jobs.csv;cebbabb56326;8;0;0;0;0;150812;32;136%;41436;1.28;3.78;0;0;4096;128;3.72;0;0;0;0;0;353;0
load;batsim_out_jobs.csv;cebbabb56326;8;0;0;0;0;167288;32;123%;44875;1.14;5.04;0;0;4096;219799;5.01;0;0;0;0;0;373;0
gantt;batsim_out_jobs.csv;cebbabb56326;9;0;0;0;0;150612;32;130%;41521;1.23;4.61;0;0;4096;151578;4.48;0;0;0;0;0;356;0
load;batsim_out_jobs.csv;cebbabb56326;9;0;0;0;0;166692;32;119%;44903;1.16;5.94;0;0;4096;154109;5.93;0;0;0;0;0;365;0
gantt;batsim_out_jobs.csv;cebbabb56326;10;0;0;0;0;150764;32;129%;41666;1.26;4.36;0;0;4096;158030;4.33;0;0;0;0;0;357;0
load;batsim_out_jobs.csv;cebbabb56326;10;0;0;0;0;167020;32;123%;44731;1.14;5.06;0;0;4096;220173;5.03;0;0;0;0;0;357;0
gantt;batsim_out_jobs.csv;cebbabb56326;11;0;0;0;0;150692;32;128%;41329;1.21;4.56;0;0;4096;155215;4.48;0;0;0;0;0;360;0
load;batsim_out_jobs.csv;cebbabb56326;11;0;0;0;0;167320;32;118%;44988;2.39;5.21;0;0;4096;215136;6.42;0;0;0;0;0;353;0
gantt;batsim_out_jobs.csv;cebbabb56326;12;0;0;0;0;150912;32;130%;41556;1.34;4.46;0;0;4096;97;4.45;0;0;0;0;0;360;0
load;batsim_out_jobs.csv;cebbabb56326;12;0;0;0;0;167372;32;122%;44747;1.23;5.06;0;0;4096;106;5.12;0;0;0;0;0;363;0
gantt;batsim_out_jobs.csv;cebbabb56326;13;0;0;0;0;150616;32;136%;41398;1.24;3.87;0;0;4096;213978;3.76;0;0;0;0;0;349;0
load;batsim_out_jobs.csv;cebbabb56326;13;0;0;0;0;167380;32;122%;44839;1.10;5.13;0;0;4096;370797;5.08;0;0;0;0;0;349;0
gantt;batsim_out_jobs.csv;cebbabb56326;14;0;0;0;0;151068;32;135%;41411;1.28;3.82;0;0;4096;105;3.76;0;0;0;0;0;370;0
load;batsim_out_jobs.csv;cebbabb56326;14;0;0;0;0;167372;32;119%;44982;1.21;5.85;0;0;4096;84;5.89;0;0;0;0;0;364;0
gantt;batsim_out_jobs.csv;cebbabb56326;15;0;0;0;0;150836;32;131%;41482;1.28;4.45;0;0;4096;82;4.37;0;0;0;0;0;368;0
load;batsim_out_jobs.csv;cebbabb56326;15;0;0;0;0;167356;32;121%;44818;1.59;5.03;0;0;4096;214568;5.46;0;0;0;0;0;355;0
gantt;batsim_out_jobs.csv;cebbabb56326;16;0;0;0;0;150864;32;130%;41544;1.89;4.07;0;0;4096;213883;4.57;0;0;0;0;0;358;0
load;batsim_out_jobs.csv;cebbabb56326;16;0;0;0;0;166656;32;122%;44748;1.15;5.08;0;0;4096;220801;5.08;0;0;0;0;0;361;0
gantt;batsim_out_jobs.csv;cebbabb56326;17;0;0;0;0;150828;32;128%;41345;1.26;4.50;0;0;4096;365274;4.49;0;0;0;0;0;354;0
load;batsim_out_jobs.csv;cebbabb56326;17;0;0;0;0;167384;32;123%;44940;1.12;5.06;0;0;4096;220244;5.02;0;0;0;0;0;358;0
gantt;batsim_out_jobs.csv;cebbabb56326;18;0;0;0;0;150944;32;134%;41400;1.18;3.84;0;0;4096;220829;3.74;0;0;0;0;0;361;0
load;batsim_out_jobs.csv;cebbabb56326;18;0;0;0;0;167180;32;123%;44837;1.04;5.07;0;0;4096;213467;4.95;0;0;0;0;0;364;0
gantt;batsim_out_jobs.csv;cebbabb56326;19;0;0;0;0;150896;32;135%;41480;1.24;3.84;0;0;4096;151940;3.75;0;0;0;0;0;351;0
load;batsim_out_jobs.csv;cebbabb56326;19;0;0;0;0;167424;32;123%;44871;1.11;5.01;0;0;4096;97;4.95;0;0;0;0;0;365;0
gantt;batsim_out_jobs.csv;cebbabb56326;20;0;0;0;0;150932;32;137%;41452;1.22;3.78;0;0;4096;214750;3.64;0;0;0;0;0;370;0
load;batsim_out_jobs.csv;cebbabb56326;20;0;0;0;0;167400;32;123%;44836;1.22;4.91;0;0;4096;94;4.95;0;0;0;0;0;354;0
gantt;batsim_out_jobs.csv;cebbabb56326;21;0;0;0;0;150848;32;136%;41381;1.20;3.82;0;0;4096;214418;3.68;0;0;0;0;0;364;0
load;batsim_out_jobs.csv;cebbabb56326;21;0;0;0;0;166804;32;123%;44928;1.11;5.04;0;0;4096;214124;4.98;0;0;0;0;0;366;0
gantt;batsim_out_jobs.csv;cebbabb56326;22;0;0;0;0;150660;32;137%;41494;1.24;3.79;0;0;4096;213429;3.67;0;0;0;0;0;358;0
load;batsim_out_jobs.csv;cebbabb56326;22;0;0;0;0;167116;32;123%;44715;1.11;5.06;0;0;4096;88;5.01;0;0;0;0;0;368;0
gantt;batsim_out_jobs.csv;cebbabb56326;23;0;0;0;0;150976;32;128%;41523;1.07;3.96;0;0;4096;450427;3.90;0;0;0;0;0;369;0
load;batsim_out_jobs.csv;cebbabb56326;23;0;0;0;0;167088;32;120%;44728;1.00;5.18;0;0;4096;638428;5.14;0;0;0;0;0;358;0
gantt;batsim_out_jobs.csv;cebbabb56326;24;0;0;0;0;150856;32;133%;41496;1.24;3.92;0;0;4096;230;3.88;0;0;0;0;0;355;0
load;batsim_out_jobs.csv;cebbabb56326;24;0;0;0;0;167048;32;119%;44894;1.06;5.34;0;0;4096;305611;5.36;0;0;0;0;0;380;0
gantt;batsim_out_jobs.csv;cebbabb56326;25;0;0;0;0;150656;32;128%;41330;1.12;4.00;0;0;4096;223382;3.99;0;0;0;0;0;369;0
load;batsim_out_jobs.csv;cebbabb56326;25;0;0;0;0;167380;32;122%;44877;1.15;5.20;0;0;4096;214506;5.20;0;0;0;0;0;357;0
gantt;batsim_out_jobs.csv;cebbabb56326;26;0;0;0;0;151080;32;129%;41493;1.20;4.48;0;0;4096;172266;4.40;0;0;0;0;0;364;0
load;batsim_out_jobs.csv;cebbabb56326;26;0;0;0;0;166868;32;122%;44794;1.12;5.17;0;0;4096;108;5.12;0;0;0;0;0;365;0
gantt;batsim_out_jobs.csv;cebbabb56326;27;0;0;0;0;150424;32;131%;41367;1.08;3.88;0;0;4096;351086;3.77;0;0;0;0;0;376;0
load;batsim_out_jobs.csv;cebbabb56326;27;0;0;0;0;167396;32;121%;44720;1.04;5.18;0;0;4096;220624;5.12;0;0;0;0;0;365;0
gantt;batsim_out_jobs.csv;cebbabb56326;28;0;0;0;0;150676;32;126%;41296;1.22;4.50;0;0;4096;606682;4.52;0;0;0;0;0;361;0
load;batsim_out_jobs.csv;cebbabb56326;28;0;0;0;0;167060;32;122%;44899;1.07;5.10;0;0;4096;423298;5.04;0;0;0;0;0;367;0
gantt;batsim_out_jobs.csv;cebbabb56326;29;0;0;0;0;150348;32;133%;41442;1.26;3.80;0;0;4096;220320;3.78;0;0;0;0;0;371;0
load;batsim_out_jobs.csv;cebbabb56326;29;0;0;0;0;166852;32;122%;44816;1.16;5.09;0;0;4096;145;5.09;0;0;0;0;0;360;0
gantt;batsim_out_jobs.csv;cebbabb56326;30;0;0;0;0;150364;32;134%;41473;1.14;3.83;0;0;4096;420437;3.71;0;0;0;0;0;365;0
load;batsim_out_jobs.csv;cebbabb56326;30;0;0;0;0;167400;32;122%;44796;1.08;5.08;0;0;4096;213839;5.01;0;0;0;0;0;362;0
