method;trace;commit;id;D;F;I;K;M;O;P;R;S;U;W;X;Z;c;e;k;p;r;s;t;w;x;nbiter;pytimeit
detailed_utilisation;jobs.csv;cebbabb56326;1;0;0;0;0;354968;32;101%;100655;0.76;39.94;0;0;4096;264;40.13;0;0;0;0;0;50;0;30;39.17749163112603
free_slots;jobs.csv;cebbabb56326;1;0;0;0;0;486816;32;100%;143906;0.85;74.60;0;0;4096;602;74.90;0;0;0;0;0;41;0;30;73.93983920710161
detailed_utilisation;jobs.csv;cebbabb56326;2;0;0;0;0;354612;32;101%;102880;0.79;38.84;0;0;4096;402;39.00;0;0;0;0;0;45;0;30;38.137797723989934
free_slots;jobs.csv;cebbabb56326;2;0;0;0;0;487824;32;100%;145624;0.84;72.50;0;0;4096;507;72.72;0;0;0;0;0;44;0;30;71.76691249990836
detailed_utilisation;jobs.csv;cebbabb56326;3;0;0;0;0;355408;32;101%;102465;0.74;39.12;0;0;4096;211503;39.36;0;0;0;0;0;53;0;30;38.45128767704591
free_slots;jobs.csv;cebbabb56326;3;0;0;0;0;487912;32;100%;143353;0.82;72.78;0;0;4096;293;73.02;0;0;0;0;0;39;0;30;72.04015268106014
detailed_utilisation;jobs.csv;cebbabb56326;4;0;0;0;0;355236;32;101%;101911;0.82;38.60;0;0;4096;174;38.78;0;0;0;0;0;54;0;30;37.91944620083086
free_slots;jobs.csv;cebbabb56326;4;0;0;0;0;487416;32;100%;142448;0.79;72.65;0;0;4096;841;72.89;0;0;0;0;0;46;0;30;71.95316524012014
detailed_utilisation;jobs.csv;cebbabb56326;5;0;0;0;0;354976;32;101%;102542;0.74;37.88;0;0;4096;439;37.98;0;0;0;0;0;58;0;30;37.13118183403276
free_slots;jobs.csv;cebbabb56326;5;0;0;0;0;487684;32;100%;143367;0.91;71.14;0;0;4096;471;71.42;0;0;0;0;0;48;0;30;70.51497818902135
detailed_utilisation;jobs.csv;cebbabb56326;6;0;0;0;0;354400;32;101%;102599;0.82;36.67;0;0;4096;147;36.86;0;0;0;0;0;42;0;30;36.04027298698202
free_slots;jobs.csv;cebbabb56326;6;0;0;0;0;487884;32;100%;143288;0.84;70.53;0;0;4096;382;70.74;0;0;0;0;0;51;0;30;69.8543526250869
detailed_utilisation;jobs.csv;cebbabb56326;7;0;0;0;0;355268;32;101%;103489;0.76;37.16;0;0;4096;260;37.29;0;0;0;0;0;39;0;30;36.462123785866424
free_slots;jobs.csv;cebbabb56326;7;0;0;0;0;488264;32;100%;142525;0.94;73.46;0;0;4096;302;73.76;0;0;0;0;0;38;0;30;72.85106326802634
detailed_utilisation;jobs.csv;cebbabb56326;8;0;0;0;0;355064;32;101%;103301;0.68;38.48;0;0;4096;259;38.62;0;0;0;0;0;43;0;30;37.72790913213976
free_slots;jobs.csv;cebbabb56326;8;0;0;0;0;487936;32;100%;145877;0.88;72.38;0;0;4096;313;72.63;0;0;0;0;0;45;0;30;71.70416148612276
detailed_utilisation;jobs.csv;cebbabb56326;9;0;0;0;0;354600;32;101%;102259;0.76;38.83;0;0;4096;364;38.96;0;0;0;0;0;51;0;30;38.10291573009454
free_slots;jobs.csv;cebbabb56326;9;0;0;0;0;487444;32;100%;142411;0.89;72.88;0;0;4096;219;73.16;0;0;0;0;0;54;0;30;72.24281401792541
detailed_utilisation;jobs.csv;cebbabb56326;10;0;0;0;0;354608;32;101%;102091;0.78;38.05;0;0;4096;256;38.19;0;0;0;0;0;42;0;30;37.345449038082734
free_slots;jobs.csv;cebbabb56326;10;0;0;0;0;487244;32;100%;143435;0.82;73.00;0;0;4096;329;73.20;0;0;0;0;0;60;0;30;72.29683135799132
detailed_utilisation;jobs.csv;cebbabb56326;11;0;0;0;0;355824;32;101%;102266;0.78;38.82;0;0;4096;276;38.96;0;0;0;0;0;52;0;30;38.116486169165
free_slots;jobs.csv;cebbabb56326;11;0;0;0;0;487872;32;100%;143492;1.00;71.33;0;0;4096;163;71.67;0;0;0;0;0;38;0;30;70.77644158806652
detailed_utilisation;jobs.csv;cebbabb56326;12;0;0;0;0;354876;32;101%;102453;0.79;37.74;0;0;4096;204;37.88;0;0;0;0;0;47;0;30;37.041042087832466
free_slots;jobs.csv;cebbabb56326;12;0;0;0;0;487832;32;100%;145585;0.90;72.83;0;0;4096;285;73.09;0;0;0;0;0;46;0;30;72.19543890515342
detailed_utilisation;jobs.csv;cebbabb56326;13;0;0;0;0;355148;32;101%;103289;0.74;37.40;0;0;4096;124;37.51;0;0;0;0;0;55;0;30;36.672833365853876
free_slots;jobs.csv;cebbabb56326;13;0;0;0;0;488328;32;100%;145718;0.95;71.82;0;0;4096;695;72.14;0;0;0;0;0;41;0;30;71.2331108909566
detailed_utilisation;jobs.csv;cebbabb56326;14;0;0;0;0;355364;32;101%;103246;0.77;37.98;0;0;4096;146;38.10;0;0;0;0;0;47;0;30;37.25976470601745
free_slots;jobs.csv;cebbabb56326;14;0;0;0;0;487820;32;100%;143672;0.82;71.61;0;0;4096;597;71.80;0;0;0;0;0;49;0;30;70.86249366495758
detailed_utilisation;jobs.csv;cebbabb56326;15;0;0;0;0;355048;32;101%;102995;0.74;37.85;0;0;4096;175;37.99;0;0;0;0;0;53;0;30;37.15062670502812
free_slots;jobs.csv;cebbabb56326;15;0;0;0;0;488072;32;100%;143257;0.80;71.87;0;0;4096;499;72.04;0;0;0;0;0;44;0;30;71.14079745206982
detailed_utilisation;jobs.csv;cebbabb56326;16;0;0;0;0;354860;32;101%;102778;0.80;38.72;0;0;4096;230;38.93;0;0;0;0;0;48;0;30;38.05638143606484
free_slots;jobs.csv;cebbabb56326;16;0;0;0;0;488260;32;100%;143364;0.90;71.81;0;0;4096;289;72.06;0;0;0;0;0;47;0;30;71.14148902799934
detailed_utilisation;jobs.csv;cebbabb56326;17;0;0;0;0;355368;32;101%;102713;0.78;38.56;0;0;4096;292;38.73;0;0;0;0;0;46;0;30;37.876883945893496
free_slots;jobs.csv;cebbabb56326;17;0;0;0;0;487336;32;100%;143693;0.90;74.41;0;0;4096;583;74.74;0;0;0;0;0;48;0;30;73.79837703402154
detailed_utilisation;jobs.csv;cebbabb56326;18;0;0;0;0;354616;32;101%;102201;0.73;39.93;0;0;4096;359;40.08;0;0;0;0;0;38;0;30;39.20777930901386
free_slots;jobs.csv;cebbabb56326;18;0;0;0;0;486996;32;100%;142633;0.92;73.22;0;0;4096;605;73.52;0;0;0;0;0;34;0;30;72.6041142619215
detailed_utilisation;jobs.csv;cebbabb56326;19;0;0;0;0;354492;32;101%;102902;0.82;38.50;0;0;4096;343;38.70;0;0;0;0;0;53;0;30;37.81502159195952
free_slots;jobs.csv;cebbabb56326;19;0;0;0;0;487148;32;100%;145487;0.84;72.59;0;0;4096;279;72.80;0;0;0;0;0;48;0;30;71.86557276896201
detailed_utilisation;jobs.csv;cebbabb56326;20;0;0;0;0;355148;32;101%;103097;0.78;38.86;0;0;4096;186;39.00;0;0;0;0;0;52;0;30;38.13049230189063
free_slots;jobs.csv;cebbabb56326;20;0;0;0;0;487288;32;100%;142570;0.85;74.01;0;0;4096;398;74.28;0;0;0;0;0;46;0;30;73.36361984885298
detailed_utilisation;jobs.csv;cebbabb56326;21;0;0;0;0;354804;32;101%;102864;0.74;38.86;0;0;4096;502;38.98;0;0;0;0;0;45;0;30;38.116110648959875
free_slots;jobs.csv;cebbabb56326;21;0;0;0;0;487496;32;100%;145600;0.90;73.75;0;0;4096;415;74.01;0;0;0;0;0;46;0;30;73.0984457321465
detailed_utilisation;jobs.csv;cebbabb56326;22;0;0;0;0;354992;32;101%;102320;0.80;38.76;0;0;4096;221;38.96;0;0;0;0;0;48;0;30;38.105241192970425
free_slots;jobs.csv;cebbabb56326;22;0;0;0;0;487824;32;100%;146185;0.94;73.21;0;0;4096;242;73.50;0;0;0;0;0;50;0;30;72.59113694517873
detailed_utilisation;jobs.csv;cebbabb56326;23;0;0;0;0;354736;32;101%;102766;0.79;39.31;0;0;4096;431;39.50;0;0;0;0;0;49;0;30;38.64333069184795
free_slots;jobs.csv;cebbabb56326;23;0;0;0;0;487376;32;100%;143905;0.90;75.08;0;0;4096;748;75.36;0;0;0;0;0;45;0;30;74.42686980194412
detailed_utilisation;jobs.csv;cebbabb56326;24;0;0;0;0;354672;32;101%;103026;0.72;39.52;0;0;4096;194;39.62;0;0;0;0;0;48;0;30;38.75265712104738
free_slots;jobs.csv;cebbabb56326;24;0;0;0;0;487588;32;100%;145535;0.95;73.88;0;0;4096;559;74.21;0;0;0;0;0;52;0;30;73.27355260984041
detailed_utilisation;jobs.csv;cebbabb56326;25;0;0;0;0;354544;32;101%;102995;0.84;39.34;0;0;4096;443;39.56;0;0;0;0;0;52;0;30;38.66061223321594
free_slots;jobs.csv;cebbabb56326;25;0;0;0;0;487012;32;100%;143918;0.79;74.46;0;0;4096;376;74.73;0;0;0;0;0;52;0;30;73.76673030410893
detailed_utilisation;jobs.csv;cebbabb56326;26;0;0;0;0;355220;32;101%;102897;0.76;40.02;0;0;4096;302;40.15;0;0;0;0;0;43;0;30;39.24073013314046
free_slots;jobs.csv;cebbabb56326;26;0;0;0;0;487860;32;100%;142568;0.82;71.04;0;0;4096;393;71.25;0;0;0;0;0;52;0;30;70.31253544893116
detailed_utilisation;jobs.csv;cebbabb56326;27;0;0;0;0;355356;32;101%;103293;0.80;37.87;0;0;4096;159;38.03;0;0;0;0;0;49;0;30;37.183448849013075
free_slots;jobs.csv;cebbabb56326;27;0;0;0;0;487636;32;100%;143457;0.92;70.44;0;0;4096;409;70.73;0;0;0;0;0;49;0;30;69.84328841185197
detailed_utilisation;jobs.csv;cebbabb56326;28;0;0;0;0;355288;32;101%;103109;0.79;41.76;0;0;4096;256;41.93;0;0;0;0;0;42;0;30;41.069452536990866
free_slots;jobs.csv;cebbabb56326;28;0;0;0;0;487684;32;100%;142552;0.92;78.77;0;0;4096;479;79.11;0;0;0;0;0;52;0;30;78.11697413912043
detailed_utilisation;jobs.csv;cebbabb56326;29;0;0;0;0;355328;32;101%;102848;0.69;42.24;0;0;4096;199162;42.39;0;0;0;0;0;49;0;30;41.453674650983885
free_slots;jobs.csv;cebbabb56326;29;0;0;0;0;487088;32;100%;145984;0.92;80.13;0;0;4096;366;80.49;0;0;0;0;0;55;0;30;79.47431451804005
detailed_utilisation;jobs.csv;cebbabb56326;30;0;0;0;0;355776;32;101%;102997;0.82;41.85;0;0;4096;175;42.11;0;0;0;0;0;50;0;30;41.1517692161724
free_slots;jobs.csv;cebbabb56326;30;0;0;0;0;487112;32;100%;146220;0.92;78.61;0;0;4096;403;78.95;0;0;0;0;0;43;0;30;77.9545467318967
detailed_utilisation;batsim_out_jobs.csv;cebbabb56326;1;0;0;0;0;1526456;32;100%;394515;1.23;109.46;0;0;4096;482;110.15;0;0;0;0;0;50;0;30;108.9162189969793
free_slots;batsim_out_jobs.csv;cebbabb56326;1;0;0;0;0;2548904;32;100%;661432;1.78;215.77;0;0;4096;1054;217.00;0;0;0;0;0;44;0;30;215.53615252487361
detailed_utilisation;batsim_out_jobs.csv;cebbabb56326;2;0;0;0;0;1527528;32;100%;394665;1.29;107.60;0;0;4096;274;108.35;0;0;0;0;0;41;0;30;107.12167162587866
free_slots;batsim_out_jobs.csv;cebbabb56326;2;0;0;0;0;2547604;32;100%;663500;1.70;213.43;0;0;4096;806;214.54;0;0;0;0;0;50;0;30;213.15290911588818
detailed_utilisation;batsim_out_jobs.csv;cebbabb56326;3;0;0;0;0;1528716;32;100%;395036;1.20;106.11;0;0;4096;357;106.68;0;0;0;0;0;49;0;30;105.49219418084249
free_slots;batsim_out_jobs.csv;cebbabb56326;3;0;0;0;0;2548808;32;100%;658245;1.88;215.60;0;0;4096;670;216.88;0;0;0;0;0;52;0;30;215.50007292581722
detailed_utilisation;batsim_out_jobs.csv;cebbabb56326;4;0;0;0;0;1528896;32;100%;392024;1.20;106.78;0;0;4096;282;107.40;0;0;0;0;0;51;0;30;106.17241172492504
free_slots;batsim_out_jobs.csv;cebbabb56326;4;0;0;0;0;2547940;32;100%;657984;1.78;213.43;0;0;4096;739;214.57;0;0;0;0;0;39;0;30;213.22840289003216
detailed_utilisation;batsim_out_jobs.csv;cebbabb56326;5;0;0;0;0;1530220;32;100%;393165;1.08;102.50;0;0;4096;434;102.99;0;0;0;0;0;46;0;30;101.81046798499301
free_slots;batsim_out_jobs.csv;cebbabb56326;5;0;0;0;0;2549188;32;100%;665013;1.80;205.48;0;0;4096;36203;206.73;0;0;0;0;0;48;0;30;205.3901658281684
detailed_utilisation;batsim_out_jobs.csv;cebbabb56326;6;0;0;0;0;1528148;32;100%;393586;1.24;102.87;0;0;4096;390;103.47;0;0;0;0;0;50;0;30;102.33652710588649
free_slots;batsim_out_jobs.csv;cebbabb56326;6;0;0;0;0;2547868;32;100%;662338;1.64;214.99;0;0;4096;864;216.07;0;0;0;0;0;51;0;30;214.66022735112347
detailed_utilisation;batsim_out_jobs.csv;cebbabb56326;7;0;0;0;0;1528692;32;100%;395188;1.30;107.30;0;0;4096;457;108.02;0;0;0;0;0;36;0;30;106.7854587379843
free_slots;batsim_out_jobs.csv;cebbabb56326;7;0;0;0;0;2549252;32;100%;657434;1.71;208.43;0;0;4096;1091;209.56;0;0;0;0;0;47;0;30;208.19890001695603
detailed_utilisation;batsim_out_jobs.csv;cebbabb56326;8;0;0;0;0;1528048;32;100%;391976;1.30;104.57;0;0;4096;287;105.25;0;0;0;0;0;35;0;30;104.12764844694175
free_slots;batsim_out_jobs.csv;cebbabb56326;8;0;0;0;0;2547632;32;100%;657828;1.87;210.40;0;0;4096;608;211.62;0;0;0;0;0;47;0;30;210.27871170500293
detailed_utilisation;batsim_out_jobs.csv;cebbabb56326;9;0;0;0;0;1524964;32;100%;394100;1.25;104.26;0;0;4096;543;104.92;0;0;0;0;0;56;0;30;103.7678768679034
free_slots;batsim_out_jobs.csv;cebbabb56326;9;0;0;0;0;2549072;32;100%;662522;1.65;209.97;0;0;4096;900;211.03;0;0;0;0;0;51;0;30;209.65744910598733
detailed_utilisation;batsim_out_jobs.csv;cebbabb56326;10;0;0;0;0;1527040;32;100%;394505;1.34;103.17;0;0;4096;236;103.87;0;0;0;0;0;57;0;30;102.722901588073
free_slots;batsim_out_jobs.csv;cebbabb56326;10;0;0;0;0;2546068;32;100%;657409;1.68;204.72;0;0;4096;1010;205.80;0;0;0;0;0;44;0;30;204.437604309991
detailed_utilisation;batsim_out_jobs.csv;cebbabb56326;11;0;0;0;0;1525872;32;100%;394150;1.29;100.57;0;0;4096;651;101.22;0;0;0;0;0;47;0;30;100.0996161699295
free_slots;batsim_out_jobs.csv;cebbabb56326;11;0;0;0;0;2547676;32;100%;657798;1.85;213.37;0;0;4096;1340;214.60;0;0;0;0;0;49;0;30;213.2509350150358
detailed_utilisation;batsim_out_jobs.csv;cebbabb56326;12;0;0;0;0;1525356;32;100%;391012;1.20;104.91;0;0;4096;530;105.56;0;0;0;0;0;54;0;30;104.37697105715051
free_slots;batsim_out_jobs.csv;cebbabb56326;12;0;0;0;0;2546748;32;100%;657627;1.83;208.90;0;0;4096;825;210.12;0;0;0;0;0;59;0;30;208.71772701200098
detailed_utilisation;batsim_out_jobs.csv;cebbabb56326;13;0;0;0;0;1529592;32;100%;394218;1.26;106.93;0;0;4096;400;107.64;0;0;0;0;0;42;0;30;106.39846295677125
free_slots;batsim_out_jobs.csv;cebbabb56326;13;0;0;0;0;2547216;32;100%;657616;1.66;208.46;0;0;4096;217304;209.64;0;0;0;0;0;49;0;30;208.25048843794502
detailed_utilisation;batsim_out_jobs.csv;cebbabb56326;14;0;0;0;0;1527660;32;100%;392259;1.23;104.85;0;0;4096;399;105.45;0;0;0;0;0;51;0;30;104.2998908648733
free_slots;batsim_out_jobs.csv;cebbabb56326;14;0;0;0;0;2548944;32;100%;662184;1.79;218.29;0;0;4096;214267;219.51;0;0;0;0;0;49;0;30;218.160104354145
detailed_utilisation;batsim_out_jobs.csv;cebbabb56326;15;0;0;0;0;1529056;32;100%;394751;1.25;104.25;0;0;4096;615;104.88;0;0;0;0;0;47;0;30;103.73103667609394
free_slots;batsim_out_jobs.csv;cebbabb56326;15;0;0;0;0;2551340;32;100%;663234;1.69;210.92;0;0;4096;1076;211.99;0;0;0;0;0;51;0;30;210.63821719796397
detailed_utilisation;batsim_out_jobs.csv;cebbabb56326;16;0;0;0;0;1527788;32;100%;394923;1.36;107.24;0;0;4096;554;107.98;0;0;0;0;0;46;0;30;106.780406170059
free_slots;batsim_out_jobs.csv;cebbabb56326;16;0;0;0;0;2547748;32;100%;662256;1.58;206.38;0;0;4096;963;207.43;0;0;0;0;0;44;0;30;206.00484896986745
detailed_utilisation;batsim_out_jobs.csv;cebbabb56326;17;0;0;0;0;1528964;32;100%;393756;1.28;104.85;0;0;4096;710;105.51;0;0;0;0;0;46;0;30;104.37732717208564
free_slots;batsim_out_jobs.csv;cebbabb56326;17;0;0;0;0;2547184;32;100%;662171;1.80;214.39;0;0;4096;577;215.55;0;0;0;0;0;49;0;30;214.17517808894627
detailed_utilisation;batsim_out_jobs.csv;cebbabb56326;18;0;0;0;0;1531092;32;100%;392895;1.23;105.36;0;0;4096;933;106.01;0;0;0;0;0;43;0;30;104.81484346091747
free_slots;batsim_out_jobs.csv;cebbabb56326;18;0;0;0;0;2549592;32;100%;663357;1.72;209.46;0;0;4096;216695;210.61;0;0;0;0;0;48;0;30;209.2614794119727
detailed_utilisation;batsim_out_jobs.csv;cebbabb56326;19;0;0;0;0;1528844;32;100%;392697;1.18;104.47;0;0;4096;483;105.02;0;0;0;0;0;47;0;30;103.87356407288462
free_slots;batsim_out_jobs.csv;cebbabb56326;19;0;0;0;0;2547208;32;100%;662829;1.60;212.78;0;0;4096;215812;213.83;0;0;0;0;0;48;0;30;212.4746054620482
detailed_utilisation;batsim_out_jobs.csv;cebbabb56326;20;0;0;0;0;1526044;32;100%;390759;1.24;103.34;0;0;4096;632;103.96;0;0;0;0;0;54;0;30;102.81126534799114
free_slots;batsim_out_jobs.csv;cebbabb56326;20;0;0;0;0;2549428;32;100%;664294;1.78;213.15;0;0;4096;714;214.36;0;0;0;0;0;48;0;30;212.9376067800913
detailed_utilisation;batsim_out_jobs.csv;cebbabb56326;21;0;0;0;0;1528000;32;100%;394568;1.34;101.97;0;0;4096;490;102.67;0;0;0;0;0;50;0;30;101.54568357719108
free_slots;batsim_out_jobs.csv;cebbabb56326;21;0;0;0;0;2546180;32;100%;657546;1.78;208.47;0;0;4096;1032;209.63;0;0;0;0;0;50;0;30;208.19236704404466
detailed_utilisation;batsim_out_jobs.csv;cebbabb56326;22;0;0;0;0;1528436;32;100%;395212;1.26;106.26;0;0;4096;392;106.93;0;0;0;0;0;47;0;30;105.67048399103805
free_slots;batsim_out_jobs.csv;cebbabb56326;22;0;0;0;0;2547868;32;100%;662512;1.54;198.29;0;0;4096;998;199.26;0;0;0;0;0;45;0;30;197.8664930718951
detailed_utilisation;batsim_out_jobs.csv;cebbabb56326;23;0;0;0;0;1525264;32;100%;392847;1.17;101.06;0;0;4096;260;101.64;0;0;0;0;0;51;0;30;100.47551361098886
free_slots;batsim_out_jobs.csv;cebbabb56326;23;0;0;0;0;2551416;32;100%;663252;1.51;193.15;0;0;4096;442;194.04;0;0;0;0;0;49;0;30;192.7775964429602
detailed_utilisation;batsim_out_jobs.csv;cebbabb56326;24;0;0;0;0;1528324;32;100%;391799;1.12;95.08;0;0;4096;174;95.53;0;0;0;0;0;45;0;30;94.47468234598637
free_slots;batsim_out_jobs.csv;cebbabb56326;24;0;0;0;0;2547672;32;100%;663484;1.46;190.28;0;0;4096;275;191.11;0;0;0;0;0;46;0;30;189.87403533887118
detailed_utilisation;batsim_out_jobs.csv;cebbabb56326;25;0;0;0;0;1527880;32;100%;394658;1.15;94.78;0;0;4096;193;95.28;0;0;0;0;0;48;0;30;94.22029821202159
free_slots;batsim_out_jobs.csv;cebbabb56326;25;0;0;0;0;2551136;32;100%;658724;1.54;189.50;0;0;4096;482;190.37;0;0;0;0;0;42;0;30;189.1354201429058
detailed_utilisation;batsim_out_jobs.csv;cebbabb56326;26;0;0;0;0;1529480;32;100%;394082;1.17;94.63;0;0;4096;221;95.13;0;0;0;0;0;48;0;30;94.09190529794432
free_slots;batsim_out_jobs.csv;cebbabb56326;26;0;0;0;0;2548736;32;100%;662866;1.48;189.05;0;0;4096;339;189.86;0;0;0;0;0;47;0;30;188.6622264010366
detailed_utilisation;batsim_out_jobs.csv;cebbabb56326;27;0;0;0;0;1527888;32;100%;391460;1.17;94.86;0;0;4096;155;95.36;0;0;0;0;0;52;0;30;94.31210820097476
free_slots;batsim_out_jobs.csv;cebbabb56326;27;0;0;0;0;2547544;32;100%;658188;1.54;186.86;0;0;4096;285;187.74;0;0;0;0;0;52;0;30;186.539051058935
detailed_utilisation;batsim_out_jobs.csv;cebbabb56326;28;0;0;0;0;1525356;32;100%;392721;1.12;94.99;0;0;4096;174;95.47;0;0;0;0;0;46;0;30;94.4438143579755
free_slots;batsim_out_jobs.csv;cebbabb56326;28;0;0;0;0;2546404;32;100%;657999;1.44;189.38;0;0;4096;272;190.15;0;0;0;0;0;45;0;30;188.91211337200366
detailed_utilisation;batsim_out_jobs.csv;cebbabb56326;29;0;0;0;0;1527624;32;100%;391436;1.18;93.46;0;0;4096;156;93.97;0;0;0;0;0;46;0;30;92.9345617890358
free_slots;batsim_out_jobs.csv;cebbabb56326;29;0;0;0;0;2546460;32;100%;662378;1.53;189.61;0;0;4096;290;190.47;0;0;0;0;0;43;0;30;189.25181010598317
detailed_utilisation;batsim_out_jobs.csv;cebbabb56326;30;0;0;0;0;1529348;32;100%;392039;1.10;94.33;0;0;4096;160;94.76;0;0;0;0;0;45;0;30;93.73517411598004
free_slots;batsim_out_jobs.csv;cebbabb56326;30;0;0;0;0;2551416;32;100%;658931;1.44;188.60;0;0;4096;282;189.37;0;0;0;0;0;43;0;30;188.14416631287895
detailed_utilisation;jobs.csv;40c67da4ccf8;1;0;0;0;0;354744;32;101%;93850;0.74;34.87;0;0;4096;97;34.96;0;0;0;0;0;32;0;30;34.17534561781213
free_slots;jobs.csv;40c67da4ccf8;1;0;0;0;0;487056;32;101%;129324;0.81;63.63;0;0;4096;124;63.78;0;0;0;0;0;48;0;30;62.954638451104984
detailed_utilisation;jobs.csv;40c67da4ccf8;2;0;0;0;0;355264;32;101%;93582;0.76;34.36;0;0;4096;71;34.45;0;0;0;0;0;48;0;30;33.67767372680828
free_slots;jobs.csv;40c67da4ccf8;2;0;0;0;0;486876;32;101%;130063;0.81;63.32;0;0;4096;173;63.46;0;0;0;0;0;41;0;30;62.61709286109544
detailed_utilisation;jobs.csv;40c67da4ccf8;3;0;0;0;0;354156;32;101%;93352;0.74;34.27;0;0;4096;100;34.36;0;0;0;0;0;48;0;30;33.5782605689019
free_slots;jobs.csv;40c67da4ccf8;3;0;0;0;0;486632;32;101%;129483;0.85;64.23;0;0;4096;116;64.41;0;0;0;0;0;52;0;30;63.56436458393
detailed_utilisation;jobs.csv;40c67da4ccf8;4;0;0;0;0;354848;32;101%;93854;0.72;34.60;0;0;4096;74;34.65;0;0;0;0;0;48;0;30;33.86847611190751
free_slots;jobs.csv;40c67da4ccf8;4;0;0;0;0;486284;32;101%;129441;0.79;63.22;0;0;4096;127;63.35;0;0;0;0;0;45;0;30;62.51307102618739
detailed_utilisation;jobs.csv;40c67da4ccf8;5;0;0;0;0;353916;32;101%;93814;0.74;34.80;0;0;4096;96;34.86;0;0;0;0;0;48;0;30;34.07523574098013
free_slots;jobs.csv;40c67da4ccf8;5;0;0;0;0;486656;32;101%;129468;0.79;63.97;0;0;4096;125;64.09;0;0;0;0;0;43;0;30;63.25044047809206
detailed_utilisation;jobs.csv;40c67da4ccf8;6;0;0;0;0;355308;32;101%;93559;0.74;34.30;0;0;4096;88;34.37;0;0;0;0;0;44;0;30;33.59796558483504
free_slots;jobs.csv;40c67da4ccf8;6;0;0;0;0;486652;32;101%;129755;0.82;63.62;0;0;4096;120;63.77;0;0;0;0;0;44;0;30;62.93276359792799
detailed_utilisation;jobs.csv;40c67da4ccf8;7;0;0;0;0;354796;32;101%;93320;0.74;34.76;0;0;4096;81;34.83;0;0;0;0;0;50;0;30;34.06495349598117
free_slots;jobs.csv;40c67da4ccf8;7;0;0;0;0;487052;32;101%;129951;0.79;63.36;0;0;4096;136;63.48;0;0;0;0;0;52;0;30;62.66884615784511
detailed_utilisation;jobs.csv;40c67da4ccf8;8;0;0;0;0;353820;32;101%;93264;0.75;34.67;0;0;4096;82;34.75;0;0;0;0;0;49;0;30;33.987374383956194
free_slots;jobs.csv;40c67da4ccf8;8;0;0;0;0;486108;32;101%;129212;0.84;64.34;0;0;4096;193;64.51;0;0;0;0;0;48;0;30;63.69912160397507
detailed_utilisation;jobs.csv;40c67da4ccf8;9;0;0;0;0;355320;32;101%;93443;0.77;34.47;0;0;4096;79;34.57;0;0;0;0;0;51;0;30;33.80824547703378
free_slots;jobs.csv;40c67da4ccf8;9;0;0;0;0;486640;32;101%;129922;0.77;63.25;0;0;4096;236;63.36;0;0;0;0;0;45;0;30;62.53217242495157
detailed_utilisation;jobs.csv;40c67da4ccf8;10;0;0;0;0;354080;32;101%;93415;0.73;34.39;0;0;4096;76;34.46;0;0;0;0;0;54;0;30;33.69855785812251
free_slots;jobs.csv;40c67da4ccf8;10;0;0;0;0;486384;32;101%;130001;0.82;63.66;0;0;4096;126;63.82;0;0;0;0;0;48;0;30;63.009131122846156
detailed_utilisation;jobs.csv;40c67da4ccf8;11;0;0;0;0;354652;32;101%;93425;0.74;34.19;0;0;4096;77;34.27;0;0;0;0;0;46;0;30;33.50980281899683
free_slots;jobs.csv;40c67da4ccf8;11;0;0;0;0;487408;32;101%;129404;0.84;63.88;0;0;4096;116;64.05;0;0;0;0;0;49;0;30;63.22482313681394
detailed_utilisation;jobs.csv;40c67da4ccf8;12;0;0;0;0;355028;32;101%;93436;0.70;34.63;0;0;4096;75;34.67;0;0;0;0;0;50;0;30;33.90408748714253
free_slots;jobs.csv;40c67da4ccf8;12;0;0;0;0;487008;32;101%;129517;0.82;64.44;0;0;4096;123;64.60;0;0;0;0;0;45;0;30;63.783943014917895
detailed_utilisation;jobs.csv;40c67da4ccf8;13;0;0;0;0;354364;32;101%;93578;0.72;34.56;0;0;4096;178;34.62;0;0;0;0;0;50;0;30;33.8544932838995
free_slots;jobs.csv;40c67da4ccf8;13;0;0;0;0;486240;32;101%;129039;0.82;64.85;0;0;4096;116;65.01;0;0;0;0;0;41;0;30;64.18456455413252
detailed_utilisation;jobs.csv;40c67da4ccf8;14;0;0;0;0;353856;32;101%;93387;0.70;34.60;0;0;4096;81;34.63;0;0;0;0;0;53;0;30;33.87410211889073
free_slots;jobs.csv;40c67da4ccf8;14;0;0;0;0;486456;32;101%;129070;0.79;63.86;0;0;4096;109;63.98;0;0;0;0;0;47;0;30;63.16930195107125
detailed_utilisation;jobs.csv;40c67da4ccf8;15;0;0;0;0;354440;32;101%;93096;0.71;34.68;0;0;4096;89;34.72;0;0;0;0;0;50;0;30;33.952800126047805
free_slots;jobs.csv;40c67da4ccf8;15;0;0;0;0;486604;32;101%;129364;0.79;64.46;0;0;4096;111;64.59;0;0;0;0;0;45;0;30;63.77755951182917
detailed_utilisation;jobs.csv;40c67da4ccf8;16;0;0;0;0;354920;32;101%;93385;0.76;34.95;0;0;4096;75;35.05;0;0;0;0;0;43;0;30;34.27900118287653
free_slots;jobs.csv;40c67da4ccf8;16;0;0;0;0;486820;32;101%;129999;0.76;64.35;0;0;4096;137;64.45;0;0;0;0;0;51;0;30;63.63377986010164
detailed_utilisation;jobs.csv;40c67da4ccf8;17;0;0;0;0;354424;32;101%;93409;0.74;34.62;0;0;4096;88;34.69;0;0;0;0;0;43;0;30;33.925318766152486
free_slots;jobs.csv;40c67da4ccf8;17;0;0;0;0;486288;32;101%;129158;0.82;64.15;0;0;4096;260;64.30;0;0;0;0;0;46;0;30;63.47814085520804
detailed_utilisation;jobs.csv;40c67da4ccf8;18;0;0;0;0;354748;32;101%;93300;0.66;34.84;0;0;4096;77;34.83;0;0;0;0;0;44;0;30;34.06423210003413
free_slots;jobs.csv;40c67da4ccf8;18;0;0;0;0;486236;32;101%;129511;0.74;66.19;0;0;4096;219;66.27;0;0;0;0;0;48;0;30;65.44315540697426
detailed_utilisation;jobs.csv;40c67da4ccf8;19;0;0;0;0;354368;32;101%;92890;0.74;34.86;0;0;4096;79;34.93;0;0;0;0;0;48;0;30;34.16296962299384
free_slots;jobs.csv;40c67da4ccf8;19;0;0;0;0;486216;32;100%;130110;0.75;65.22;0;0;4096;133;65.36;0;0;0;0;0;46;0;30;64.54185684490949
detailed_utilisation;jobs.csv;40c67da4ccf8;20;0;0;0;0;354036;32;101%;93479;0.74;34.86;0;0;4096;82;34.93;0;0;0;0;0;44;0;30;34.16333424602635
free_slots;jobs.csv;40c67da4ccf8;20;0;0;0;0;486260;32;101%;130093;0.84;64.70;0;0;4096;138;64.87;0;0;0;0;0;46;0;30;64.05846146401018
detailed_utilisation;jobs.csv;40c67da4ccf8;21;0;0;0;0;353936;32;101%;93913;0.72;34.62;0;0;4096;125;34.68;0;0;0;0;0;43;0;30;33.91332368878648
free_slots;jobs.csv;40c67da4ccf8;21;0;0;0;0;486656;32;101%;130132;0.73;64.62;0;0;4096;113;64.68;0;0;0;0;0;42;0;30;63.86123639997095
detailed_utilisation;jobs.csv;40c67da4ccf8;22;0;0;0;0;354452;32;101%;93614;0.73;36.58;0;0;4096;79;36.65;0;0;0;0;0;53;0;30;35.88653313717805
free_slots;jobs.csv;40c67da4ccf8;22;0;0;0;0;486992;32;101%;129404;0.81;64.74;0;0;4096;114;64.88;0;0;0;0;0;48;0;30;64.05932617094368
detailed_utilisation;jobs.csv;40c67da4ccf8;23;0;0;0;0;354640;32;101%;93034;0.74;34.44;0;0;4096;75;34.51;0;0;0;0;0;44;0;30;33.744795507984236
free_slots;jobs.csv;40c67da4ccf8;23;0;0;0;0;487188;32;101%;129523;0.78;66.47;0;0;4096;137;66.58;0;0;0;0;0;46;0;30;65.75835603405721
detailed_utilisation;jobs.csv;40c67da4ccf8;24;0;0;0;0;354920;32;101%;93263;0.71;35.34;0;0;4096;136;35.39;0;0;0;0;0;50;0;30;34.61817426211201
free_slots;jobs.csv;40c67da4ccf8;24;0;0;0;0;487236;32;101%;129603;0.80;65.18;0;0;4096;123;65.32;0;0;0;0;0;48;0;30;64.48606676189229
detailed_utilisation;jobs.csv;40c67da4ccf8;25;0;0;0;0;354104;32;101%;93548;2.72;38.06;0;0;4096;576;40.11;0;0;0;0;0;46;0;30;39.25693872314878
free_slots;jobs.csv;40c67da4ccf8;25;0;0;0;0;486752;32;100%;130010;5.18;70.55;0;0;4096;1230;75.06;0;0;0;0;0;46;0;30;74.15401470288634
detailed_utilisation;jobs.csv;40c67da4ccf8;26;0;0;0;0;353972;32;101%;93862;0.72;34.98;0;0;4096;77;35.03;0;0;0;0;0;44;0;30;34.2699233929161
free_slots;jobs.csv;40c67da4ccf8;26;0;0;0;0;486148;32;101%;130107;0.81;63.75;0;0;4096;112;63.89;0;0;0;0;0;52;0;30;63.07399856788106
detailed_utilisation;jobs.csv;40c67da4ccf8;27;0;0;0;0;354872;32;101%;93256;3.56;35.26;0;0;4096;803;38.15;0;0;0;0;0;43;0;30;37.3450444880873
free_slots;jobs.csv;40c67da4ccf8;27;0;0;0;0;486220;32;101%;129247;0.83;64.93;0;0;4096;145;65.09;0;0;0;0;0;47;0;30;64.25888371909969
detailed_utilisation;jobs.csv;40c67da4ccf8;28;0;0;0;0;354524;32;101%;93253;0.80;35.16;0;0;4096;86;35.28;0;0;0;0;0;46;0;30;34.52389116305858
free_slots;jobs.csv;40c67da4ccf8;28;0;0;0;0;486716;32;101%;128870;0.73;65.52;0;0;4096;115;65.58;0;0;0;0;0;51;0;30;64.7532860210631
detailed_utilisation;jobs.csv;40c67da4ccf8;29;0;0;0;0;354800;32;101%;93507;0.65;34.80;0;0;4096;83;34.79;0;0;0;0;0;43;0;30;34.022639747010544
free_slots;jobs.csv;40c67da4ccf8;29;0;0;0;0;486540;32;101%;129392;0.83;65.21;0;0;4096;259;65.38;0;0;0;0;0;48;0;30;64.54936347506009
detailed_utilisation;jobs.csv;40c67da4ccf8;30;0;0;0;0;354476;32;101%;93588;0.71;34.60;0;0;4096;85;34.65;0;0;0;0;0;40;0;30;33.88610895094462
free_slots;jobs.csv;40c67da4ccf8;30;0;0;0;0;487004;32;100%;129386;6.74;65.61;0;0;4096;1599;71.69;0;0;0;0;0;46;0;30;70.81046834285371
detailed_utilisation;batsim_out_jobs.csv;40c67da4ccf8;1;0;0;0;0;1526440;32;100%;394782;1.17;93.68;0;0;4096;156;94.18;0;0;0;0;0;57;0;30;93.13703782390803
free_slots;batsim_out_jobs.csv;40c67da4ccf8;1;0;0;0;0;2549764;32;100%;657762;1.58;181.60;0;0;4096;652;182.51;0;0;0;0;0;46;0;30;181.292093971977
detailed_utilisation;batsim_out_jobs.csv;40c67da4ccf8;2;0;0;0;0;1525788;32;100%;395126;1.10;95.84;0;0;4096;169;96.28;0;0;0;0;0;48;0;30;95.2402793369256
free_slots;batsim_out_jobs.csv;40c67da4ccf8;2;0;0;0;0;2549464;32;100%;657916;1.48;180.89;0;0;4096;295;181.70;0;0;0;0;0;54;0;30;180.46938823000528
detailed_utilisation;batsim_out_jobs.csv;40c67da4ccf8;3;0;0;0;0;1527668;32;100%;393426;13.06;102.05;0;0;4096;3153;114.45;0;0;0;0;0;50;0;30;113.32025938807055
free_slots;batsim_out_jobs.csv;40c67da4ccf8;3;0;0;0;0;2548180;32;100%;657290;1.55;191.55;0;0;4096;675;192.47;0;0;0;0;0;54;0;30;191.19773298804648
detailed_utilisation;batsim_out_jobs.csv;40c67da4ccf8;4;0;0;0;0;1529396;32;100%;395924;1.45;103.74;0;0;4096;1662;104.71;0;0;0;0;0;37;0;30;103.48655929416418
free_slots;batsim_out_jobs.csv;40c67da4ccf8;4;0;0;0;0;2550564;32;100%;656849;1.52;190.24;0;0;4096;456;191.17;0;0;0;0;0;43;0;30;189.84710475383326
detailed_utilisation;batsim_out_jobs.csv;40c67da4ccf8;5;0;0;0;0;1525216;32;100%;394907;1.16;97.84;0;0;4096;272;98.38;0;0;0;0;0;45;0;30;97.29687740001827
free_slots;batsim_out_jobs.csv;40c67da4ccf8;5;0;0;0;0;2549788;32;100%;658647;6.19;193.27;0;0;4096;1569;198.91;0;0;0;0;0;50;0;30;197.5306383690331
detailed_utilisation;batsim_out_jobs.csv;40c67da4ccf8;6;0;0;0;0;1525660;32;100%;393022;1.20;106.09;0;0;4096;583;106.73;0;0;0;0;0;42;0;30;105.46114954096265
free_slots;batsim_out_jobs.csv;40c67da4ccf8;6;0;0;0;0;2547668;32;100%;657280;1.48;190.04;0;0;4096;487;190.99;0;0;0;0;0;49;0;30;189.60971584683284
detailed_utilisation;batsim_out_jobs.csv;40c67da4ccf8;7;0;0;0;0;1527436;32;100%;395750;3.29;98.60;0;0;4096;1129;101.32;0;0;0;0;0;46;0;30;100.03218613099307
free_slots;batsim_out_jobs.csv;40c67da4ccf8;7;0;0;0;0;2548472;32;100%;656866;2.38;203.15;0;0;4096;696;204.98;0;0;0;0;0;46;0;30;203.61876382282935
detailed_utilisation;batsim_out_jobs.csv;40c67da4ccf8;8;0;0;0;0;1527808;32;100%;392344;1.28;98.22;0;0;4096;204;98.93;0;0;0;0;0;47;0;30;97.80316110397689
free_slots;batsim_out_jobs.csv;40c67da4ccf8;8;0;0;0;0;2547604;32;100%;657516;1.55;188.44;0;0;4096;303;189.41;0;0;0;0;0;52;0;30;188.07359149190597
detailed_utilisation;batsim_out_jobs.csv;40c67da4ccf8;9;0;0;0;0;1530264;32;100%;393212;1.10;93.78;0;0;4096;358;94.21;0;0;0;0;0;51;0;30;93.15446000685915
free_slots;batsim_out_jobs.csv;40c67da4ccf8;9;0;0;0;0;2547212;32;100%;656098;1.55;184.27;0;0;4096;273;185.15;0;0;0;0;0;48;0;30;183.9014104329981
detailed_utilisation;batsim_out_jobs.csv;40c67da4ccf8;10;0;0;0;0;1525496;32;100%;395072;1.14;94.04;0;0;4096;428;94.52;0;0;0;0;0;50;0;30;93.45873677614145
free_slots;batsim_out_jobs.csv;40c67da4ccf8;10;0;0;0;0;2547920;32;100%;656526;1.34;183.16;0;0;4096;292;183.84;0;0;0;0;0;51;0;30;182.58765307907015
detailed_utilisation;batsim_out_jobs.csv;40c67da4ccf8;11;0;0;0;0;1524912;32;100%;394360;1.10;92.88;0;0;4096;524;93.33;0;0;0;0;0;38;0;30;92.27234506583773
free_slots;batsim_out_jobs.csv;40c67da4ccf8;11;0;0;0;0;2547936;32;100%;658474;4.28;184.05;0;0;4096;985;187.66;0;0;0;0;0;44;0;30;186.37710259505548
detailed_utilisation;batsim_out_jobs.csv;40c67da4ccf8;12;0;0;0;0;1525820;32;100%;392539;1.17;93.80;0;0;4096;1006;94.37;0;0;0;0;0;39;0;30;93.24293285189196
free_slots;batsim_out_jobs.csv;40c67da4ccf8;12;0;0;0;0;2547680;32;100%;657189;4.76;184.63;0;0;4096;1089;188.74;0;0;0;0;0;52;0;30;187.20655370992608
detailed_utilisation;batsim_out_jobs.csv;40c67da4ccf8;13;0;0;0;0;1524952;32;100%;395242;1.20;93.48;0;0;4096;310;94.07;0;0;0;0;0;54;0;30;92.93458370608278
free_slots;batsim_out_jobs.csv;40c67da4ccf8;13;0;0;0;0;2548744;32;100%;658172;3.04;195.43;0;0;4096;880;197.80;0;0;0;0;0;45;0;30;196.46920715994202
detailed_utilisation;batsim_out_jobs.csv;40c67da4ccf8;14;0;0;0;0;1527632;32;100%;392788;1.22;92.08;0;0;4096;167;92.64;0;0;0;0;0;53;0;30;91.58841978386045
free_slots;batsim_out_jobs.csv;40c67da4ccf8;14;0;0;0;0;2545876;32;100%;655180;1.45;183.41;0;0;4096;389;184.20;0;0;0;0;0;53;0;30;182.9591479599476
detailed_utilisation;batsim_out_jobs.csv;40c67da4ccf8;15;0;0;0;0;1527852;32;100%;392566;1.05;94.92;0;0;4096;161;95.31;0;0;0;0;0;48;0;30;94.25443153898232
free_slots;batsim_out_jobs.csv;40c67da4ccf8;15;0;0;0;0;2546456;32;100%;657243;1.60;183.62;0;0;4096;1483;184.57;0;0;0;0;0;49;0;30;183.2758034209255
detailed_utilisation;batsim_out_jobs.csv;40c67da4ccf8;16;0;0;0;0;1523840;32;100%;394579;1.22;95.04;0;0;4096;587;95.60;0;0;0;0;0;50;0;30;94.52538942592219
free_slots;batsim_out_jobs.csv;40c67da4ccf8;16;0;0;0;0;2549296;32;100%;656408;2.84;182.00;0;0;4096;661;184.23;0;0;0;0;0;40;0;30;182.96820097300224
detailed_utilisation;batsim_out_jobs.csv;40c67da4ccf8;17;0;0;0;0;1527264;32;100%;392764;1.13;93.83;0;0;4096;185;94.29;0;0;0;0;0;46;0;30;93.23433946887963
free_slots;batsim_out_jobs.csv;40c67da4ccf8;17;0;0;0;0;2544692;32;100%;656603;1.54;182.95;0;0;4096;284;183.82;0;0;0;0;0;43;0;30;182.58396384306252
detailed_utilisation;batsim_out_jobs.csv;40c67da4ccf8;18;0;0;0;0;1525420;32;100%;392161;10.10;107.34;0;0;4096;2398;116.78;0;0;0;0;0;52;0;30;115.48680472001433
free_slots;batsim_out_jobs.csv;40c67da4ccf8;18;0;0;0;0;2548724;32;100%;655983;3.44;188.83;0;0;4096;1249;191.61;0;0;0;0;0;45;0;30;190.34250730695203
detailed_utilisation;batsim_out_jobs.csv;40c67da4ccf8;19;0;0;0;0;1525088;32;100%;392701;13.48;105.98;0;0;4096;3273;118.88;0;0;0;0;0;47;0;30;117.51271844515577
free_slots;batsim_out_jobs.csv;40c67da4ccf8;19;0;0;0;0;2547308;32;100%;656920;1.41;184.42;0;0;4096;372;185.18;0;0;0;0;0;51;0;30;183.88932346599177
detailed_utilisation;batsim_out_jobs.csv;40c67da4ccf8;20;0;0;0;0;1529676;32;100%;396530;11.47;101.17;0;0;4096;2813;111.98;0;0;0;0;0;48;0;30;110.68136452301405
free_slots;batsim_out_jobs.csv;40c67da4ccf8;20;0;0;0;0;2545664;32;100%;657063;1.69;218.26;0;0;4096;850;219.39;0;0;0;0;0;48;0;30;217.8666268410161
detailed_utilisation;batsim_out_jobs.csv;40c67da4ccf8;21;0;0;0;0;1522056;32;100%;393884;1.33;103.19;0;0;4096;889;103.93;0;0;0;0;0;48;0;30;102.62919590296224
free_slots;batsim_out_jobs.csv;40c67da4ccf8;21;0;0;0;0;2547924;32;100%;657028;1.89;222.82;0;0;4096;673;224.14;0;0;0;0;0;51;0;30;222.70581662398763
detailed_utilisation;batsim_out_jobs.csv;40c67da4ccf8;22;0;0;0;0;1527600;32;100%;392710;1.72;105.85;0;0;4096;644;106.99;0;0;0;0;0;47;0;30;105.71169863804244
free_slots;batsim_out_jobs.csv;40c67da4ccf8;22;0;0;0;0;2547252;32;100%;656874;1.83;197.86;0;0;4096;668;199.14;0;0;0;0;0;56;0;30;197.68244764208794
detailed_utilisation;batsim_out_jobs.csv;40c67da4ccf8;23;0;0;0;0;1525032;32;100%;392753;1.10;94.63;0;0;4096;206;95.06;0;0;0;0;0;40;0;30;94.01024171314202
free_slots;batsim_out_jobs.csv;40c67da4ccf8;23;0;0;0;0;2547096;32;100%;656004;1.60;180.01;0;0;4096;479;180.94;0;0;0;0;0;56;0;30;179.709733372787
detailed_utilisation;batsim_out_jobs.csv;40c67da4ccf8;24;0;0;0;0;1527652;32;100%;395720;1.10;93.22;0;0;4096;160;93.65;0;0;0;0;0;49;0;30;92.59064685297199
free_slots;batsim_out_jobs.csv;40c67da4ccf8;24;0;0;0;0;2548376;32;100%;656762;1.52;184.56;0;0;4096;545;185.41;0;0;0;0;0;35;0;30;184.13532337010838
detailed_utilisation;batsim_out_jobs.csv;40c67da4ccf8;25;0;0;0;0;1525348;32;100%;394877;1.18;100.29;0;0;4096;708;100.86;0;0;0;0;0;44;0;30;99.65964504005387
free_slots;batsim_out_jobs.csv;40c67da4ccf8;25;0;0;0;0;2547600;32;100%;656100;1.74;198.75;0;0;4096;212101;199.93;0;0;0;0;0;39;0;30;198.49084033910185
detailed_utilisation;batsim_out_jobs.csv;40c67da4ccf8;26;0;0;0;0;1525160;32;100%;394650;1.23;100.50;0;0;4096;425;101.11;0;0;0;0;0;55;0;30;99.96499764500186
free_slots;batsim_out_jobs.csv;40c67da4ccf8;26;0;0;0;0;2549352;32;100%;657459;1.72;206.76;0;0;4096;28787;207.91;0;0;0;0;0;47;0;30;206.53927668812685
detailed_utilisation;batsim_out_jobs.csv;40c67da4ccf8;27;0;0;0;0;1525628;32;100%;392146;1.29;103.56;0;0;4096;65361;104.25;0;0;0;0;0;52;0;30;103.07000235910527
free_slots;batsim_out_jobs.csv;40c67da4ccf8;27;0;0;0;0;2543576;32;100%;657157;1.84;202.28;0;0;4096;1150;203.64;0;0;0;0;0;36;0;30;202.20050109783188
detailed_utilisation;batsim_out_jobs.csv;40c67da4ccf8;28;0;0;0;0;1527420;32;100%;396048;1.24;102.70;0;0;4096;40097;103.37;0;0;0;0;0;46;0;30;102.19993191491812
free_slots;batsim_out_jobs.csv;40c67da4ccf8;28;0;0;0;0;2545956;32;100%;657064;1.70;197.29;0;0;4096;974;198.36;0;0;0;0;0;54;0;30;196.97754982393235
detailed_utilisation;batsim_out_jobs.csv;40c67da4ccf8;29;0;0;0;0;1526064;32;100%;392302;1.28;101.97;0;0;4096;252;102.62;0;0;0;0;0;47;0;30;101.48885469301604
free_slots;batsim_out_jobs.csv;40c67da4ccf8;29;0;0;0;0;2548700;32;100%;657582;1.80;195.83;0;0;4096;799;197.00;0;0;0;0;0;45;0;30;195.69117150921375
detailed_utilisation;batsim_out_jobs.csv;40c67da4ccf8;30;0;0;0;0;1527880;32;100%;395513;1.16;98.93;0;0;4096;214568;99.52;0;0;0;0;0;47;0;30;98.38967937603593
free_slots;batsim_out_jobs.csv;40c67da4ccf8;30;0;0;0;0;2546388;32;100%;656413;1.77;200.59;0;0;4096;543;201.71;0;0;0;0;0;49;0;30;200.36761916591786
detailed_utilisation;jobs.csv;484e302528a6;1;0;0;0;0;355868;32;101%;95078;0.69;38.80;0;0;4096;483;38.93;0;0;0;0;0;47;0;30;38.03074780595489
free_slots;jobs.csv;484e302528a6;1;0;0;0;0;489108;32;100%;130918;0.86;69.92;0;0;4096;606;70.15;0;0;0;0;0;46;0;30;69.24155406584032
detailed_utilisation;jobs.csv;484e302528a6;2;0;0;0;0;355676;32;101%;94856;0.70;38.78;0;0;4096;215460;38.92;0;0;0;0;0;51;0;30;38.04482384305447
free_slots;jobs.csv;484e302528a6;2;0;0;0;0;489340;32;100%;130555;0.81;68.80;0;0;4096;366;69.03;0;0;0;0;0;44;0;30;68.13037549308501
detailed_utilisation;jobs.csv;484e302528a6;3;0;0;0;0;355524;32;101%;93717;0.74;37.24;0;0;4096;391;37.36;0;0;0;0;0;52;0;30;36.52480617794208
free_slots;jobs.csv;484e302528a6;3;0;0;0;0;489456;32;100%;129992;0.89;69.93;0;0;4096;206;70.20;0;0;0;0;0;53;0;30;69.28896446106955
detailed_utilisation;jobs.csv;484e302528a6;4;0;0;0;0;355208;32;101%;94270;0.64;37.15;0;0;4096;346;37.27;0;0;0;0;0;47;0;30;36.34033147897571
free_slots;jobs.csv;484e302528a6;4;0;0;0;0;488988;32;100%;130348;0.66;70.17;0;0;4096;196367;70.40;0;0;0;0;0;48;0;30;69.44399497495033
detailed_utilisation;jobs.csv;484e302528a6;5;0;0;0;0;356448;32;101%;94804;0.71;38.64;0;0;4096;173;38.75;0;0;0;0;0;42;0;30;37.89471254195087
free_slots;jobs.csv;484e302528a6;5;0;0;0;0;489088;32;100%;130569;0.85;71.03;0;0;4096;860;71.26;0;0;0;0;0;44;0;30;70.33262149896473
detailed_utilisation;jobs.csv;484e302528a6;6;0;0;0;0;356144;32;101%;93491;0.76;37.68;0;0;4096;361;37.87;0;0;0;0;0;35;0;30;36.95486139901914
free_slots;jobs.csv;484e302528a6;6;0;0;0;0;488856;32;100%;130497;0.78;69.81;0;0;4096;618;70.01;0;0;0;0;0;45;0;30;69.09078676300123
detailed_utilisation;jobs.csv;484e302528a6;7;0;0;0;0;356392;32;101%;94966;0.74;37.80;0;0;4096;139;37.94;0;0;0;0;0;49;0;30;37.09655237197876
free_slots;jobs.csv;484e302528a6;7;0;0;0;0;489332;32;100%;129932;0.85;70.19;0;0;4096;580;70.41;0;0;0;0;0;50;0;30;69.49698832305148
detailed_utilisation;jobs.csv;484e302528a6;8;0;0;0;0;356408;32;101%;94627;0.81;37.19;0;0;4096;249;37.36;0;0;0;0;0;46;0;30;36.5150400029961
free_slots;jobs.csv;484e302528a6;8;0;0;0;0;489264;32;100%;130607;0.81;69.60;0;0;4096;274;69.81;0;0;0;0;0;51;0;30;68.9093773139175
detailed_utilisation;jobs.csv;484e302528a6;9;0;0;0;0;355260;32;101%;95065;0.72;37.78;0;0;4096;144;37.88;0;0;0;0;0;48;0;30;37.026576263131574
free_slots;jobs.csv;484e302528a6;9;0;0;0;0;488932;32;100%;131199;0.82;71.27;0;0;4096;325;71.53;0;0;0;0;0;37;0;30;70.59893341595307
detailed_utilisation;jobs.csv;484e302528a6;10;0;0;0;0;356368;32;101%;94600;0.69;37.87;0;0;4096;265;37.98;0;0;0;0;0;57;0;30;37.13812488690019
free_slots;jobs.csv;484e302528a6;10;0;0;0;0;489668;32;100%;129973;0.83;70.40;0;0;4096;292;70.60;0;0;0;0;0;46;0;30;69.68123726383783
detailed_utilisation;jobs.csv;484e302528a6;11;0;0;0;0;355968;32;101%;94068;0.73;37.64;0;0;4096;292;37.80;0;0;0;0;0;45;0;30;36.930090212030336
free_slots;jobs.csv;484e302528a6;11;0;0;0;0;489364;32;100%;130939;0.85;70.22;0;0;4096;336;70.44;0;0;0;0;0;42;0;30;69.5383938420564
detailed_utilisation;jobs.csv;484e302528a6;12;0;0;0;0;356012;32;101%;94180;0.74;38.73;0;0;4096;198;38.89;0;0;0;0;0;44;0;30;38.01841570902616
free_slots;jobs.csv;484e302528a6;12;0;0;0;0;489404;32;100%;131037;0.80;72.24;0;0;4096;214818;72.47;0;0;0;0;0;59;0;30;71.52456857985817
detailed_utilisation;jobs.csv;484e302528a6;13;0;0;0;0;356392;32;101%;94603;0.76;38.17;0;0;4096;385;38.35;0;0;0;0;0;41;0;30;37.44942218088545
free_slots;jobs.csv;484e302528a6;13;0;0;0;0;488960;32;100%;130095;0.80;70.92;0;0;4096;97514;71.14;0;0;0;0;0;48;0;30;70.23891380312853
detailed_utilisation;jobs.csv;484e302528a6;14;0;0;0;0;356028;32;101%;95178;0.73;37.74;0;0;4096;260;37.83;0;0;0;0;0;53;0;30;36.988567346008494
free_slots;jobs.csv;484e302528a6;14;0;0;0;0;489416;32;100%;130566;0.85;73.63;0;0;4096;488;73.91;0;0;0;0;0;55;0;30;72.91493024304509
detailed_utilisation;jobs.csv;484e302528a6;15;0;0;0;0;355044;32;101%;94059;0.68;38.37;0;0;4096;202407;38.48;0;0;0;0;0;47;0;30;37.610575448023155
free_slots;jobs.csv;484e302528a6;15;0;0;0;0;488948;32;100%;130366;0.82;71.60;0;0;4096;1133;71.88;0;0;0;0;0;49;0;30;70.9185065550264
detailed_utilisation;jobs.csv;484e302528a6;16;0;0;0;0;355784;32;101%;93583;0.74;37.31;0;0;4096;176;37.46;0;0;0;0;0;50;0;30;36.60158541286364
free_slots;jobs.csv;484e302528a6;16;0;0;0;0;488648;32;100%;130055;0.77;69.86;0;0;4096;199;69.99;0;0;0;0;0;49;0;30;69.0882625549566
detailed_utilisation;jobs.csv;484e302528a6;17;0;0;0;0;355732;32;101%;94273;0.72;38.13;0;0;4096;138;38.22;0;0;0;0;0;42;0;30;37.38934118789621
free_slots;jobs.csv;484e302528a6;17;0;0;0;0;488908;32;100%;131069;0.82;70.97;0;0;4096;220;71.16;0;0;0;0;0;53;0;30;70.23830939806066
detailed_utilisation;jobs.csv;484e302528a6;18;0;0;0;0;356040;32;101%;94728;0.72;38.22;0;0;4096;151;38.38;0;0;0;0;0;47;0;30;37.46340686199255
free_slots;jobs.csv;484e302528a6;18;0;0;0;0;488968;32;100%;130513;0.79;70.79;0;0;4096;317;70.99;0;0;0;0;0;45;0;30;70.05134822614491
detailed_utilisation;jobs.csv;484e302528a6;19;0;0;0;0;356480;32;101%;93997;0.63;37.46;0;0;4096;205903;37.57;0;0;0;0;0;47;0;30;36.68274941504933
free_slots;jobs.csv;484e302528a6;19;0;0;0;0;489436;32;100%;130291;0.84;69.15;0;0;4096;575;69.36;0;0;0;0;0;40;0;30;68.45625869184732
detailed_utilisation;jobs.csv;484e302528a6;20;0;0;0;0;355880;32;101%;94747;0.68;36.91;0;0;4096;366;37.04;0;0;0;0;0;51;0;30;36.17736005107872
free_slots;jobs.csv;484e302528a6;20;0;0;0;0;488636;32;100%;129966;0.85;70.25;0;0;4096;489;70.46;0;0;0;0;0;34;0;30;69.5524606029503
detailed_utilisation;jobs.csv;484e302528a6;21;0;0;0;0;356584;32;101%;94930;0.80;36.87;0;0;4096;147;37.03;0;0;0;0;0;45;0;30;36.18816069397144
free_slots;jobs.csv;484e302528a6;21;0;0;0;0;488592;32;100%;130466;0.84;72.64;0;0;4096;216205;72.92;0;0;0;0;0;47;0;30;71.97370854089968
detailed_utilisation;jobs.csv;484e302528a6;22;0;0;0;0;355980;32;101%;94904;0.69;37.86;0;0;4096;211078;38.05;0;0;0;0;0;50;0;30;37.1514501941856
free_slots;jobs.csv;484e302528a6;22;0;0;0;0;489244;32;100%;130762;0.86;70.55;0;0;4096;579;70.82;0;0;0;0;0;41;0;30;69.89188346709125
detailed_utilisation;jobs.csv;484e302528a6;23;0;0;0;0;356672;32;101%;94746;0.70;37.62;0;0;4096;215722;37.76;0;0;0;0;0;50;0;30;36.894261338049546
free_slots;jobs.csv;484e302528a6;23;0;0;0;0;489936;32;100%;130702;0.86;69.77;0;0;4096;215;70.00;0;0;0;0;0;49;0;30;69.09646751196124
detailed_utilisation;jobs.csv;484e302528a6;24;0;0;0;0;356008;32;101%;93891;0.65;37.94;0;0;4096;251;38.03;0;0;0;0;0;47;0;30;37.176048652036116
free_slots;jobs.csv;484e302528a6;24;0;0;0;0;489012;32;100%;131380;0.82;70.30;0;0;4096;801;70.56;0;0;0;0;0;54;0;30;69.62459322507493
detailed_utilisation;jobs.csv;484e302528a6;25;0;0;0;0;355572;32;101%;94084;0.76;37.23;0;0;4096;154;37.37;0;0;0;0;0;49;0;30;36.51523950905539
free_slots;jobs.csv;484e302528a6;25;0;0;0;0;489268;32;100%;130247;0.77;71.00;0;0;4096;243;71.20;0;0;0;0;0;42;0;30;70.22207602206618
detailed_utilisation;jobs.csv;484e302528a6;26;0;0;0;0;356216;32;101%;94028;0.71;38.21;0;0;4096;198;38.35;0;0;0;0;0;48;0;30;37.47883203299716
free_slots;jobs.csv;484e302528a6;26;0;0;0;0;488976;32;100%;130713;0.78;73.10;0;0;4096;306;73.30;0;0;0;0;0;46;0;30;72.37055496312678
detailed_utilisation;jobs.csv;484e302528a6;27;0;0;0;0;356680;32;101%;94458;0.66;38.03;0;0;4096;243;38.14;0;0;0;0;0;52;0;30;37.25192381301895
free_slots;jobs.csv;484e302528a6;27;0;0;0;0;488372;32;100%;130269;0.75;70.34;0;0;4096;715;70.56;0;0;0;0;0;42;0;30;69.62310676206835
detailed_utilisation;jobs.csv;484e302528a6;28;0;0;0;0;356300;32;101%;95140;0.75;37.18;0;0;4096;206;37.30;0;0;0;0;0;52;0;30;36.44631286803633
free_slots;jobs.csv;484e302528a6;28;0;0;0;0;488560;32;100%;130022;0.89;70.21;0;0;4096;446;70.47;0;0;0;0;0;49;0;30;69.55928861885332
detailed_utilisation;jobs.csv;484e302528a6;29;0;0;0;0;356316;32;101%;95133;0.74;37.24;0;0;4096;432;37.36;0;0;0;0;0;35;0;30;36.502367208944634
free_slots;jobs.csv;484e302528a6;29;0;0;0;0;488964;32;100%;130254;0.90;72.47;0;0;4096;732;72.82;0;0;0;0;0;44;0;30;71.8328643438872
detailed_utilisation;jobs.csv;484e302528a6;30;0;0;0;0;356592;32;101%;94190;0.75;37.73;0;0;4096;318;37.90;0;0;0;0;0;51;0;30;36.98479177104309
free_slots;jobs.csv;484e302528a6;30;0;0;0;0;488924;32;100%;130737;0.81;72.03;0;0;4096;210;72.20;0;0;0;0;0;36;0;30;71.26111682388
detailed_utilisation;batsim_out_jobs.csv;484e302528a6;1;0;0;0;0;1530436;32;100%;395308;1.16;101.58;0;0;4096;405;102.17;0;0;0;0;0;52;0;30;101.03942823596299
free_slots;batsim_out_jobs.csv;484e302528a6;1;0;0;0;0;2551296;32;100%;658513;1.71;196.45;0;0;4096;364;197.53;0;0;0;0;0;45;0;30;196.20643006800674
detailed_utilisation;batsim_out_jobs.csv;484e302528a6;2;0;0;0;0;1529476;32;100%;395502;1.21;100.62;0;0;4096;565;101.27;0;0;0;0;0;52;0;30;100.09432869404554
free_slots;batsim_out_jobs.csv;484e302528a6;2;0;0;0;0;2554048;32;100%;660364;1.67;200.55;0;0;4096;754;201.63;0;0;0;0;0;49;0;30;200.29832623479888
detailed_utilisation;batsim_out_jobs.csv;484e302528a6;3;0;0;0;0;1530056;32;100%;396287;1.20;99.68;0;0;4096;266;100.25;0;0;0;0;0;41;0;30;99.13584165205248
free_slots;batsim_out_jobs.csv;484e302528a6;3;0;0;0;0;2556680;32;100%;660991;1.76;201.08;0;0;4096;663;202.21;0;0;0;0;0;41;0;30;200.86625994881615
detailed_utilisation;batsim_out_jobs.csv;484e302528a6;4;0;0;0;0;1529868;32;100%;396448;1.16;99.20;0;0;4096;265;99.77;0;0;0;0;0;51;0;30;98.60440588509664
free_slots;batsim_out_jobs.csv;484e302528a6;4;0;0;0;0;2553088;32;100%;660175;1.64;197.10;0;0;4096;639;198.10;0;0;0;0;0;49;0;30;196.793046729872
detailed_utilisation;batsim_out_jobs.csv;484e302528a6;5;0;0;0;0;1533092;32;100%;396364;1.26;100.14;0;0;4096;278;100.76;0;0;0;0;0;43;0;30;99.60806627594866
free_slots;batsim_out_jobs.csv;484e302528a6;5;0;0;0;0;2551632;32;100%;658536;1.66;204.71;0;0;4096;496;205.82;0;0;0;0;0;51;0;30;204.38412780407816
detailed_utilisation;batsim_out_jobs.csv;484e302528a6;6;0;0;0;0;1528496;32;100%;395064;1.03;96.34;0;0;4096;405;96.80;0;0;0;0;0;46;0;30;95.7010894799605
free_slots;batsim_out_jobs.csv;484e302528a6;6;0;0;0;0;2554092;32;100%;659771;1.62;190.22;0;0;4096;344;191.20;0;0;0;0;0;41;0;30;189.92437724303454
detailed_utilisation;batsim_out_jobs.csv;484e302528a6;7;0;0;0;0;1532536;32;100%;395439;1.24;98.74;0;0;4096;277;99.39;0;0;0;0;0;53;0;30;98.24548136210069
free_slots;batsim_out_jobs.csv;484e302528a6;7;0;0;0;0;2555660;32;100%;660319;1.74;197.10;0;0;4096;648;198.25;0;0;0;0;0;46;0;30;196.93912797095254
detailed_utilisation;batsim_out_jobs.csv;484e302528a6;8;0;0;0;0;1533504;32;100%;395443;1.16;97.59;0;0;4096;481;98.15;0;0;0;0;0;53;0;30;97.03017356805503
free_slots;batsim_out_jobs.csv;484e302528a6;8;0;0;0;0;2551836;32;100%;659558;1.46;188.33;0;0;4096;215886;189.26;0;0;0;0;0;44;0;30;187.9604401360266
detailed_utilisation;batsim_out_jobs.csv;484e302528a6;9;0;0;0;0;1532772;32;100%;397840;1.23;93.67;0;0;4096;259;94.24;0;0;0;0;0;42;0;30;93.18849561107345
free_slots;batsim_out_jobs.csv;484e302528a6;9;0;0;0;0;2556572;32;100%;661615;1.35;185.60;0;0;4096;287;186.28;0;0;0;0;0;43;0;30;185.04609386320226
detailed_utilisation;batsim_out_jobs.csv;484e302528a6;10;0;0;0;0;1529696;32;100%;394461;1.09;93.22;0;0;4096;173;93.63;0;0;0;0;0;50;0;30;92.58318063709885
free_slots;batsim_out_jobs.csv;484e302528a6;10;0;0;0;0;2549204;32;100%;658291;1.50;186.63;0;0;4096;309;187.47;0;0;0;0;0;41;0;30;186.26621095091105
detailed_utilisation;batsim_out_jobs.csv;484e302528a6;11;0;0;0;0;1528148;32;100%;394886;1.24;94.78;0;0;4096;1160;95.40;0;0;0;0;0;50;0;30;94.34078976488672
free_slots;batsim_out_jobs.csv;484e302528a6;11;0;0;0;0;2552300;32;100%;659211;1.49;187.74;0;0;4096;305;188.65;0;0;0;0;0;52;0;30;187.3518223199062
detailed_utilisation;batsim_out_jobs.csv;484e302528a6;12;0;34;2712;0;1532152;32;100%;397783;1.11;93.13;0;0;4096;192;93.62;0;0;0;0;0;88;0;30;92.54697628691792
free_slots;batsim_out_jobs.csv;484e302528a6;12;0;0;0;0;2551260;32;100%;658939;1.57;186.02;0;0;4096;1973;186.97;0;0;0;0;0;49;0;30;185.7302639868576
detailed_utilisation;batsim_out_jobs.csv;484e302528a6;13;0;0;0;0;1530588;32;100%;395333;1.14;91.68;0;0;4096;183;92.16;0;0;0;0;0;53;0;30;91.1450507431291
free_slots;batsim_out_jobs.csv;484e302528a6;13;0;0;0;0;2552628;32;100%;660729;1.47;183.87;0;0;4096;296;184.70;0;0;0;0;0;42;0;30;183.47563755395822
detailed_utilisation;batsim_out_jobs.csv;484e302528a6;14;0;1;152;0;1532892;32;100%;397980;1.16;95.02;0;0;4096;323;95.52;0;0;0;0;0;44;0;30;94.46231225994416
free_slots;batsim_out_jobs.csv;484e302528a6;14;0;0;0;0;2552412;32;100%;658503;1.66;185.62;0;0;4096;294;186.61;0;0;0;0;0;42;0;30;185.37960872496478
detailed_utilisation;batsim_out_jobs.csv;484e302528a6;15;0;0;0;0;1531552;32;100%;394450;1.26;94.60;0;0;4096;155;95.19;0;0;0;0;0;42;0;30;94.12733298307285
free_slots;batsim_out_jobs.csv;484e302528a6;15;0;0;0;0;2555280;32;100%;661258;1.42;183.19;0;0;4096;324;183.94;0;0;0;0;0;47;0;30;182.70474409521557
detailed_utilisation;batsim_out_jobs.csv;484e302528a6;16;0;0;0;0;1528132;32;100%;396877;1.23;92.84;0;0;4096;185;93.40;0;0;0;0;0;44;0;30;92.38657131418586
free_slots;batsim_out_jobs.csv;484e302528a6;16;0;0;0;0;2552672;32;100%;659616;1.60;183.45;0;0;4096;290;184.39;0;0;0;0;0;33;0;30;183.17644210299477
detailed_utilisation;batsim_out_jobs.csv;484e302528a6;17;0;0;0;0;1530140;32;100%;395869;1.12;93.57;0;0;4096;516;94.04;0;0;0;0;0;50;0;30;93.0006632108707
free_slots;batsim_out_jobs.csv;484e302528a6;17;0;0;0;0;2551648;32;100%;660216;1.44;183.20;0;0;4096;384;184.04;0;0;0;0;0;46;0;30;182.75192520208657
detailed_utilisation;batsim_out_jobs.csv;484e302528a6;18;0;0;0;0;1526684;32;100%;393860;1.15;95.49;0;0;4096;210;95.97;0;0;0;0;0;54;0;30;94.9006001430098
free_slots;batsim_out_jobs.csv;484e302528a6;18;0;0;0;0;2553092;32;100%;659555;1.59;182.74;0;0;4096;925;183.67;0;0;0;0;0;46;0;30;182.43864274118096
detailed_utilisation;batsim_out_jobs.csv;484e302528a6;19;0;0;0;0;1529536;32;100%;393915;1.16;93.69;0;0;4096;161;94.19;0;0;0;0;0;49;0;30;93.14303021901287
free_slots;batsim_out_jobs.csv;484e302528a6;19;0;0;0;0;2551908;32;100%;659285;1.56;185.71;0;0;4096;290;186.60;0;0;0;0;0;51;0;30;185.37753218505532
detailed_utilisation;batsim_out_jobs.csv;484e302528a6;20;0;0;0;0;1528672;32;100%;394561;1.20;94.08;0;0;4096;163;94.61;0;0;0;0;0;48;0;30;93.5556682148017
free_slots;batsim_out_jobs.csv;484e302528a6;20;0;0;0;0;2550732;32;100%;659987;1.43;185.43;0;0;4096;286;186.27;0;0;0;0;0;45;0;30;184.99400170403533
detailed_utilisation;batsim_out_jobs.csv;484e302528a6;21;0;0;0;0;1530460;32;100%;394520;1.33;94.51;0;0;4096;181;95.18;0;0;0;0;0;49;0;30;94.11833276902325
free_slots;batsim_out_jobs.csv;484e302528a6;21;0;0;0;0;2553108;32;100%;660448;1.48;183.77;0;0;4096;291;184.59;0;0;0;0;0;40;0;30;183.37668509501964
detailed_utilisation;batsim_out_jobs.csv;484e302528a6;22;0;0;0;0;1531116;32;100%;395646;1.15;94.59;0;0;4096;173;95.11;0;0;0;0;0;42;0;30;94.07534585613757
free_slots;batsim_out_jobs.csv;484e302528a6;22;0;0;0;0;2549940;32;100%;659932;1.50;184.26;0;0;4096;275;185.10;0;0;0;0;0;53;0;30;183.85036618402228
detailed_utilisation;batsim_out_jobs.csv;484e302528a6;23;0;0;0;0;1530640;32;100%;394401;1.24;93.64;0;0;4096;430;94.21;0;0;0;0;0;52;0;30;93.12244629184715
free_slots;batsim_out_jobs.csv;484e302528a6;23;0;0;0;0;2551032;32;100%;659016;1.43;186.89;0;0;4096;234279;187.75;0;0;0;0;0;48;0;30;186.42125694500282
detailed_utilisation;batsim_out_jobs.csv;484e302528a6;24;0;0;0;0;1531712;32;100%;396050;1.21;95.82;0;0;4096;282;96.38;0;0;0;0;0;50;0;30;95.28187520313077
free_slots;batsim_out_jobs.csv;484e302528a6;24;0;0;0;0;2554280;32;100%;659844;1.58;186.40;0;0;4096;355;187.39;0;0;0;0;0;50;0;30;186.07072440814227
detailed_utilisation;batsim_out_jobs.csv;484e302528a6;25;0;0;0;0;1529244;32;100%;393901;1.30;93.25;0;0;4096;160;93.88;0;0;0;0;0;51;0;30;92.80654047382995
free_slots;batsim_out_jobs.csv;484e302528a6;25;0;0;0;0;2554628;32;100%;661632;1.30;187.39;0;0;4096;1639;188.05;0;0;0;0;0;51;0;30;186.81399621092714
detailed_utilisation;batsim_out_jobs.csv;484e302528a6;26;0;0;0;0;1536036;32;100%;397359;1.26;95.20;0;0;4096;395;95.80;0;0;0;0;0;47;0;30;94.72535596601665
free_slots;batsim_out_jobs.csv;484e302528a6;26;0;0;0;0;2551728;32;100%;659280;1.56;187.80;0;0;4096;302;188.68;0;0;0;0;0;49;0;30;187.39185095601715
detailed_utilisation;batsim_out_jobs.csv;484e302528a6;27;0;0;0;0;1533360;32;100%;395706;1.08;93.83;0;0;4096;190;94.32;0;0;0;0;0;46;0;30;93.22957461210899
free_slots;batsim_out_jobs.csv;484e302528a6;27;0;0;0;0;2553028;32;100%;660999;1.53;188.37;0;0;4096;1108;189.26;0;0;0;0;0;51;0;30;187.9403791811783
detailed_utilisation;batsim_out_jobs.csv;484e302528a6;28;0;0;0;0;1531324;32;100%;397712;1.18;93.28;0;0;4096;372;93.86;0;0;0;0;0;48;0;30;92.74737291992642
free_slots;batsim_out_jobs.csv;484e302528a6;28;0;0;0;0;2554376;32;100%;660630;1.55;185.98;0;0;4096;299;186.87;0;0;0;0;0;47;0;30;185.5857966931071
detailed_utilisation;batsim_out_jobs.csv;484e302528a6;29;0;0;0;0;1532752;32;100%;396320;1.18;95.80;0;0;4096;204;96.39;0;0;0;0;0;39;0;30;95.23512085108086
free_slots;batsim_out_jobs.csv;484e302528a6;29;0;0;0;0;2554348;32;100%;659037;1.48;184.87;0;0;4096;1411;185.82;0;0;0;0;0;45;0;30;184.47246002987958
detailed_utilisation;batsim_out_jobs.csv;484e302528a6;30;0;0;0;0;1534872;32;100%;395929;1.24;106.36;0;0;4096;273;107.01;0;0;0;0;0;43;0;30;105.7652986550238
free_slots;batsim_out_jobs.csv;484e302528a6;30;0;0;0;0;2555856;32;100%;660019;2.03;223.97;0;0;4096;182517;225.47;0;0;0;0;0;52;0;30;223.87882135086693
