date,nb_jobs_in_queue,load_in_queue,liquid_load_horizon
0,0,0,0
0,0,0,0
4.70916,0,0,0
4.70916,0,0,0
16.0039,0,0,0
16.0039,0,0,0
38.8363,0,0,0
38.8363,0,0,0
54.1959,0,0,0
54.1959,0,0,0
60,0,0,0
60,0,0,0
60,0,0,0
70.3507,0,0,0
70.3507,0,0,0
74.7683,0,0,0
74.7683,0,0,0
88.51,0,0,0
88.51,0,0,0
95.4489,0,0,0
95.4489,0,0,0
112.133,0,0,0
112.133,0,0,0
120,0,0,0
120,0,0,0
120,0,0,0
121.609,0,0,0
121.609,0,0,0
126.478,0,0,0
126.478,0,0,0
136.018,0,0,0
136.018,0,0,0
142.706,0,0,0
142.706,0,0,0
142.901,0,0,0
142.901,0,0,0
148.09,0,0,0
148.09,0,0,0
153.506,0,0,0
153.506,0,0,0
164.477,0,0,0
164.477,0,0,0
168.988,0,0,0
168.988,0,0,0
178.245,0,0,0
178.245,0,0,0
179.193,0,0,0
179.193,0,0,0
180,0,0,0
180,0,0,0
180,0,0,0
186.1,0,0,0
186.1,0,0,0
190.958,0,0,0
190.958,0,0,0
193.418,0,0,0
193.418,0,0,0
202.306,0,0,0
202.306,0,0,0
205.674,0,0,0
205.674,0,0,0
211.617,0,0,0
211.617,0,0,0
221.353,0,0,0
221.353,0,0,0
222.488,0,0,0
222.488,0,0,0
240,0,0,0
240,0,0,0
240,0,0,0
240.874,0,0,0
240.874,1,1456,190.811
246.1,1,1456,187.327
246.1,1,1456,187.327
253.024,1,1456,182.711
253.024,1,1456,281.234
265.241,1,1456,271.891
265.241,2,2056,307.185
270.509,2,2056,303.157
270.509,2,2056,286.898
273.697,2,2056,284.835
273.697,1,1456,277.08
283.264,1,1456,267.513
283.264,1,1456,146.562
283.879,1,1456,146.275
283.879,2,1890,261.924
290.504,2,1890,258.417
290.504,3,3654,347.769
295.994,3,3654,344.371
295.994,3,3654,337.465
300,3,3654,335.176
300,3,3654,335.176
300,3,3654,335.176
302.155,3,3654,333.945
302.155,3,3654,353.183
308.931,3,3654,348.02
308.931,4,4088,366.426
309.043,4,4088,366.336
309.043,4,4088,355.887
324.44,4,4088,346.032
324.44,5,4896,378.352
334.368,5,4896,371.999
334.368,5,4896,365.915
336.459,5,4896,364.744
336.459,6,5080,372.104
338.087,6,5080,371.192
338.087,6,5080,360.781
341.534,6,5080,359.403
341.534,5,3624,314.75
346.187,5,3624,310.097
346.187,6,4049,328.249
350.341,6,4049,324.096
350.341,5,3624,313.85
358.858,5,3624,305.332
358.858,6,5416,379.999
360,6,5416,378.857
360,6,5416,369.983
360,6,5416,369.983
367.439,6,5416,362.544
367.439,0,0,0
378.407,0,0,0
378.407,0,0,0
389.081,0,0,0
389.081,0,0,0
393.92,0,0,0
393.92,0,0,0
400.603,0,0,0
400.603,0,0,0
419.568,0,0,0
419.568,1,1792,314.081
420,1,1792,313.682
420,1,1792,313.682
420,1,1792,313.682
426.548,1,1792,307.637
426.548,0,0,0
435.468,0,0,0
435.468,0,0,0
444.401,0,0,0
444.401,1,1764,349.221
453.545,1,1764,340.84
453.545,2,2168,368.442
459.152,2,2168,363.165
459.152,3,2444,379.4
461.949,3,2444,376.768
461.949,3,2444,371.522
477.591,3,2444,358.641
477.591,2,680,254.932
480,2,680,252.523
480,2,680,252.523
480,2,680,252.523
486.299,2,680,246.224
486.299,3,1848,344.059
491.143,3,1848,339.215
491.143,4,1992,347.686
496.125,4,1992,342.704
496.125,5,2592,377.998
508.389,5,2592,365.734
508.389,4,2448,356.787
508.389,4,2448,347.84
510.722,4,2448,345.781
510.722,5,2592,354.252
511.52,5,2592,353.548
511.52,5,2592,353.225
513.018,5,2592,351.991
513.018,4,2188,309.057
514.998,4,2188,307.427
514.998,3,1912,352.205
518.991,3,1912,348.447
518.991,2,1768,333.151
525.6,2,1768,327.708
525.6,2,1768,320.015
530.088,2,1768,316.847
530.088,2,1768,325.318
536.697,2,1768,319.875
536.697,2,1768,312.182
540,2,1768,309.85
540,2,1768,301.359
540,2,1768,301.359
545.978,2,1768,297.041
545.978,3,1912,305.041
548.95,3,1912,302.894
548.95,2,744,256.134
559.092,2,744,246.717
559.092,3,2508,345.302
563.553,3,2508,341.088
563.553,4,2764,355.26
571.932,4,2764,347.263
571.932,4,2764,363.799
581.606,4,2764,354.125
581.606,5,2908,360.982
600,5,2908,342.588
600,5,2908,342.588
600,5,2908,342.588
603.767,5,2908,338.821
603.767,6,5100,438.337
613.095,6,5100,429.009
613.095,7,5254,434.932
627.754,7,5254,420.274
627.754,8,5510,430.12
629.66,8,5510,428.213
629.66,7,4910,388.686
630.331,7,4910,388.016
630.331,7,4910,381.425
633.239,7,4910,378.649
633.239,5,4612,418.818
639.227,5,4612,412.829
639.227,2,2448,419.459
639.848,2,2448,418.838
639.848,1,2192,409.497
641.457,1,2192,407.887
641.457,2,3000,447.375
645.836,2,3000,442.996
645.836,2,3000,437.966
657.969,2,3000,426.767
657.969,2,3000,400.228
658.397,2,3000,399.917
658.397,2,3000,393.325
660,2,3000,392.233
660,2,3000,392.233
660,2,3000,392.233
665.603,2,3000,388.412
665.603,3,3434,408.14
667.277,3,3434,406.998
667.277,4,3578,413.452
683.309,4,3578,401.737
683.309,5,4386,432.814
691.52,5,4386,426.813
691.52,4,2194,359.671
694.644,4,2194,356.547
694.644,5,2348,364.247
701.307,5,2348,357.584
701.307,4,1540,338.884
701.928,4,1540,338.263
701.928,3,1106,314.274
708.052,3,1106,308.149
708.052,4,1382,324.18
711.068,4,1382,321.164
711.068,5,1526,329.031
720,5,1526,320.099
720,5,1526,320.099
720,5,1526,320.099
720.068,5,1526,320.031
720.068,4,1382,304.383
721.749,4,1382,302.703
721.749,3,1228,298.61
726.677,3,1228,293.681
726.677,2,420,260.27
728.147,2,420,258.8
728.147,3,495,263.649
736.491,3,495,255.305
736.491,2,351,199.826
743.1,2,351,193.217
743.1,1,276,161.216
751.608,1,276,155.544
751.608,2,532,211.454
752.357,2,532,210.855
752.357,1,276,197.707
768.121,1,276,181.942
768.121,0,0,0
772.114,0,0,0
772.114,0,0,0
772.938,0,0,0
772.938,0,0,0
780,0,0,0
780,0,0,0
780,0,0,0
782.027,0,0,0
782.027,1,808,218.138
786.1,1,808,214.337
786.1,1,808,214.337
787.083,1,808,213.42
787.083,0,0,0
801.669,0,0,0
801.669,1,154,136.473
806.289,1,154,131.854
806.289,2,579,185.254
809.36,2,579,182.183
809.36,3,723,192.469
810.259,3,723,191.57
810.259,2,569,186.563
814.437,2,569,182.385
814.437,1,144,144
817.328,1,144,144
817.328,1,144,155.147
825.282,1,144,147.193
825.282,2,298,162.593
826.585,2,298,161.29
826.585,2,298,154.716
836.033,2,298,146.212
836.033,3,883,190.337
840,3,883,186.654
840,3,883,194.83
840,3,883,207.408
842.878,3,883,204.53
842.878,2,739,189.66
846.1,2,739,186.438
846.1,2,739,186.438
849.487,2,739,183.051
849.487,0,0,0
857.168,0,0,0
857.168,1,328,167.609
861.417,1,328,163.36
861.417,2,403,174.075
870.6,2,403,164.892
870.6,0,0,0
879.857,0,0,0
879.857,0,0,0
881.541,0,0,0
881.541,0,0,0
887.284,0,0,0
887.284,0,0,0
898.769,0,0,0
898.769,0,0,0
900,0,0,0
900,0,0,0
900,0,0,0
904.844,0,0,0
904.844,0,0,0
904.869,0,0,0
904.869,0,0,0
906.1,0,0,0
906.1,0,0,0
913.888,0,0,0
913.888,0,0,0
924.519,0,0,0
924.519,0,0,0
929.757,0,0,0
929.757,0,0,0
933.776,0,0,0
933.776,0,0,0
937.997,0,0,0
937.997,0,0,0
955.76,0,0,0
955.76,0,0,0
958.412,0,0,0
958.412,0,0,0
960,0,0,0
960,0,0,0
960,0,0,0
961.029,0,0,0
961.029,0,0,0
966.1,0,0,0
966.1,0,0,0
967.053,0,0,0
967.053,0,0,0
967.107,0,0,0
967.107,0,0,0
975.146,0,0,0
975.146,0,0,0
976.31,0,0,0
976.31,0,0,0
992.477,0,0,0
992.477,0,0,0
994.423,0,0,0
994.423,0,0,0
995.991,0,0,0
995.991,0,0,0
1012.68,0,0,0
1012.68,0,0,0
1020,0,0,0
1020,0,0,0
1020,0,0,0
1020.14,0,0,0
1020.14,0,0,0
1020.63,0,0,0
1020.63,0,0,0
1022.49,0,0,0
1022.49,0,0,0
1026.1,0,0,0
1026.1,0,0,0
1028.59,0,0,0
1028.59,0,0,0
1028.84,0,0,0
1028.84,1,932,441.179
1033.43,1,932,436.593
1033.43,2,1366,476.047
1045.79,2,1366,463.683
1045.79,2,1366,449.856
1052.88,2,1366,444.055
1052.88,1,434,351.723
1057.29,1,434,347.313
1057.29,2,2226,529.712
1069.69,2,2226,517.312
1069.69,3,2370,529.312
1080,3,2370,519.005
1080,3,2370,519.005
1080,3,2370,519.005
1084.27,3,2370,514.731
1084.27,4,2804,550.898
1090.53,4,2804,544.646
1090.53,5,3080,567.646
1094.43,5,3080,563.745
1094.43,5,3080,551.661
1099.48,5,3080,547.032
1099.48,6,4844,694.032
1122.07,6,4844,673.319
1122.07,7,5100,694.653
1133.26,7,5100,684.396
1133.26,8,5244,696.396
1140,8,5244,690.219
1140,8,5244,649.202
1140,8,5244,649.202
1149.31,8,5244,640.609
1149.31,9,5844,686.763
1162.61,9,5844,674.489
1162.61,10,6652,736.643
1177.53,10,6652,722.866
1177.53,11,6796,733.943
1181.92,11,6796,729.892
1181.92,12,8988,876.668
1200,12,8988,859.792
1200,12,8988,777.111
1200,12,8988,777.111
1204.82,12,8988,772.572
1204.82,10,6762,715.165
1208.77,10,6762,711.48
1208.77,11,6946,723.747
1232.01,11,6946,702.058
1232.01,12,7371,730.391
1232.96,12,7371,729.504
1232.96,13,7805,758.437
1235.97,13,7805,755.631
1235.97,12,7661,761.73
1242.58,12,7661,755.121
1242.58,11,7227,735.869
1246.29,11,7227,732.154
1246.29,10,6951,791.229
1246.91,10,6951,790.605
1246.91,11,7376,818.939
1250.28,11,7376,815.569
1250.28,10,5612,697.701
1260,10,5612,687.984
1260,10,5612,687.984
1260,10,5612,687.984
1267.06,10,5612,680.924
1267.06,11,6197,719.924
1273.07,11,6197,713.912
1273.07,12,6272,718.912
1274.41,12,6272,717.57
1274.41,12,6272,707.903
1287.15,12,6272,696.013
1287.15,13,6347,701.013
1291.52,13,6347,696.937
1291.52,12,6091,689.105
1300.47,12,6091,680.154
1300.47,13,7259,758.021
1319.82,13,7259,738.673
1319.82,14,7403,748.273
1320,14,7403,748.091
1320,14,7403,792.719
1320,14,7403,792.719
1325.57,14,7403,787.152
1325.57,15,9167,897.402
1341.52,15,9167,881.45
1341.52,16,9601,908.575
1345.77,16,9601,904.321
1345.77,15,9457,923.315
1351.52,15,9457,917.567
1351.52,14,9313,916.882
1352.38,14,9313,916.021
1352.38,13,9129,907.847
1353.11,13,9129,907.12
1353.11,14,10921,1019.12
1353.6,14,10921,1018.63
1353.6,13,10846,1014.51
1358.13,13,10846,1009.98
1358.13,12,10771,1001.81
1359.7,12,10771,1000.33
1359.7,12,10771,1000.33
1361.63,12,10771,998.527
1361.63,11,10627,986.119
1362.86,11,10627,984.889
1362.86,11,10627,980.78
1366.92,11,10627,976.975
1366.92,12,12419,1088.97
1367.39,12,12419,1088.53
1367.39,12,12419,1084.42
1368.24,12,12419,1083.68
1368.24,12,12419,1075.51
1377.33,12,12419,1068.69
1377.33,13,12844,1095.25
1378.86,13,12844,1094.1
1378.86,13,12844,1085.91
1380,13,12844,1085.2
1380,13,12844,1085.2
1380,13,12844,1085.2
1383.53,13,12844,1083
1383.53,12,12244,1086.49
1390.02,12,12244,1080
1390.02,13,14436,1217
1393.09,13,14436,1213.92
1393.09,8,11910,1267.71
1414.99,8,11910,1245.81
1414.99,9,12094,1257.31
1425,9,12094,1247.3
1425,10,12902,1297.8
1438.96,10,12902,1283.84
1438.96,11,13327,1310.4
1440,11,13327,1309.36
1440,11,13327,1241.58
1440,11,13327,1241.58
1455.41,11,13327,1226.17
1455.41,12,15119,1331.58
1473.93,12,15119,1313.05
1473.93,13,15447,1332.35
1475.45,13,15447,1330.83
1475.45,14,16903,1416.48
1488.74,14,16903,1403.18
1488.74,15,18667,1506.95
1500,15,18667,1495.69
1500,15,18667,1354.78
1500,15,18667,1354.78
1500.95,15,18667,1353.82
1500.95,16,18742,1357.77
1515.13,16,18742,1343.59
1515.13,17,20534,1437.91
1530.64,17,20534,1422.4
1530.64,18,20688,1430.5
1534.04,18,20688,1427.1
1534.04,17,20504,1419.1
1534.04,15,19844,1411.09
1540.81,15,19844,1404.32
1540.81,14,19516,1372.64
1543.3,14,19516,1370.16
1543.3,14,19516,1366.7
1546.89,14,19516,1363.3
1546.89,15,20101,1394.09
1557.5,15,20101,1384.04
1557.5,15,20101,1370.29
1559.89,15,20101,1368.53
1559.89,16,21033,1417.58
1560,16,21033,1417.49
1560,16,21033,1198.28
1560,16,21033,1198.28
1560.52,16,21033,1197.87
1560.52,16,21033,1192.17
1568.28,16,21033,1186.77
1568.28,17,21108,1190.03
1580.2,17,21108,1181.75
1580.2,18,21183,1185.01
1591.52,18,21183,1177.13
1591.52,17,18991,1132.37
1596.97,17,18991,1126.92
1596.97,18,20783,1204.84
1607.56,18,20783,1194.25
1607.56,19,21591,1229.38
1614.22,19,21591,1222.72
1614.22,17,21441,1196.42
1617.04,17,21441,1193.59
1617.04,18,21875,1212.46
1620,18,21875,1209.51
1620,18,21875,1209.51
1620,18,21875,1209.51
1623.48,18,21875,1206.03
1623.48,18,21875,1203.17
1623.48,18,21875,1200.31
1637.48,18,21875,1187.53
1637.48,19,22460,1212.96
1646.74,19,22460,1204.51
1646.74,20,22885,1222.99
1650.85,20,22885,1219.23
1650.85,21,24597,1293.67
1651.52,21,24597,1293.06
1651.52,21,24597,1292.58
1658.89,21,24597,1286.49
1658.89,21,24597,1274.47
1673.08,21,24597,1263.98
1673.08,20,24172,1257.68
1673.08,19,23747,1251.37
1674.3,19,23747,1250.47
1674.3,20,24659,1290.13
1680,20,24659,1285.91
1680,20,24659,1285.91
1680,20,24659,1285.91
1680.62,20,24659,1285.46
1680.62,21,25093,1304.33
1698.31,21,25093,1291.25
1698.31,22,25369,1303.25
1711.52,22,25369,1293.49
1711.52,20,22409,1318.45
1715.2,20,22409,1314.76
1715.2,21,22994,1340.2
1739.57,21,22994,1315.83
1739.57,22,23178,1323.83
1740,22,23178,1323.4
1740,22,23178,1274.8
1740,22,23178,1274.8
1759.05,22,23178,1255.75
1759.05,23,23790,1281.25
1764.37,23,23790,1275.93
1764.37,24,23934,1281.93
1770.6,24,23934,1275.7
1770.6,21,20234,1261.89
1775.97,21,20234,1256.53
1775.97,22,20418,1264.2
1777.21,22,20418,1262.95
1777.21,22,20418,1257.5
1783.29,22,20418,1251.93
1783.29,23,20602,1259.6
1792.23,23,20602,1251.4
1792.23,21,17602,1212.97
1798.41,21,17602,1206.79
1798.41,20,15810,1167.59
1800,20,15810,1166
1800,20,15810,1166
1800,20,15810,1166
1817.44,20,15810,1148.56
1817.44,21,16618,1182.23
1838.38,21,16618,1161.29
1838.38,22,16772,1167.7
1849.1,22,16772,1156.98
1849.1,23,17580,1190.65
1850.95,23,17580,1188.8
1850.95,24,17984,1205.63
1860,24,17984,1196.58
1860,24,17984,1229.36
1860,24,17984,1239.64
1864.63,24,17984,1235.01
1864.63,25,18138,1241.7
1867.77,25,18138,1238.57
1867.77,26,18946,1273.7
1883.42,26,18946,1258.05
1883.42,27,20114,1308.83
1891.52,27,20114,1300.73
1891.52,26,19960,1300.49
1897.54,26,19960,1294.47
1897.54,27,20364,1312.04
1911.14,27,20364,1298.44
1911.14,28,22156,1376.35
1920,28,22156,1367.49
1920,28,22156,1316.6
1920,28,22156,1316.6
1920.52,28,22156,1316.08
1920.52,27,22002,1307.81
1924.32,27,22002,1304.01
1924.32,28,22186,1311.68
1941.09,28,22186,1294.91
1941.09,29,22590,1311.74
1947.72,29,22590,1305.11
1947.72,30,23134,1327.78
1953.07,30,23134,1322.43
1953.07,29,22980,1316.38
1953.07,28,22395,1310.34
1971.31,28,22395,1292.1
1971.31,25,20595,1260.46
1971.48,25,20595,1260.29
1971.48,26,20749,1266.71
1974.52,26,20749,1263.67
1974.52,27,20893,1269.67
1980,27,20893,1264.19
1980,27,20893,1219.9
1980,27,20893,1219.9
1980.03,27,20893,1219.87
1980.03,26,20308,1217.25
1992.53,26,20308,1204.76
1992.53,27,20492,1212.12
1997.14,27,20492,1207.5
1997.14,28,20636,1213.26
2009.03,28,20636,1201.37
2009.03,27,20482,1198.75
2014.43,27,20482,1193.35
2014.43,28,20626,1199.11
2023.46,28,20626,1190.09
2023.46,29,22418,1261.77
2040,29,22418,1245.22
2040,29,22418,1245.22
2040,29,22418,1245.22
2041.58,29,22418,1243.64
2041.58,29,22418,1241.02
2047.48,29,22418,1235.36
2047.48,30,22562,1241.12
2052.47,30,22562,1236.33
2052.47,31,22746,1243.69
2058.03,31,22746,1238.35
2058.03,30,22562,1227.3
2061.13,30,22562,1224.32
2061.13,29,22286,1200.25
2065.12,29,22286,1196.41
2065.12,27,21918,1186.01
2065.32,27,21918,1185.82
2065.32,28,24494,1288.86
2082.81,28,24494,1272.07
2082.81,28,24494,1275.07
2084.51,28,24494,1273.37
2084.51,27,24310,1268.13
2091.6,27,24310,1261.04
2091.6,26,24166,1255.79
2091.6,25,23982,1250.55
2092.07,25,23982,1250.09
2092.07,25,23982,1247.46
2095.68,25,23982,1243.99
2095.68,26,24407,1260.99
2097.54,26,24407,1259.2
2097.54,25,24263,1256.58
2098.21,25,24263,1255.91
2098.21,24,24119,1250.68
2100,24,24119,1248.9
2100,24,24119,1248.9
2100,24,24119,1248.9
2101.19,24,24119,1247.7
2101.19,25,24194,1250.7
2104.15,25,24194,1247.74
2104.15,24,24050,1242.51
2104.82,24,24050,1241.84
2104.82,23,23866,1236.61
2110.76,23,23866,1230.67
2110.76,22,23791,1225.44
2110.99,22,23791,1225.22
2110.99,22,23791,1219.98
2112.26,22,23791,1218.86
2112.26,22,23791,1212.78
2112.26,22,23791,1206.69
2118.08,22,23791,1202.5
2118.09,21,23247,1197.26
2120.02,21,23247,1195.4
2120.02,21,23247,1192.77
2120.41,21,23247,1192.41
2120.41,21,23247,1171.39
2120.68,21,23247,1171.24
2120.68,21,23247,1174.24
2123.25,21,23247,1172.59
2123.25,21,23247,1159.62
2129.14,21,23247,1156.79
2129.14,22,23391,1162.55
2129.93,22,23391,1162.17
2129.93,22,23391,1159.54
2131.3,22,23391,1158.94
2131.3,21,21935,1166.02
2131.52,21,21935,1165.8
2131.52,20,21510,1165.58
2135.16,20,21510,1161.94
2135.16,21,21766,1172.18
2146.79,21,21766,1160.55
2146.79,22,22022,1170.79
2157.21,22,22022,1160.37
2157.21,16,14446,1116.63
2160,16,14446,1113.84
2160,16,14446,1113.84
2160,16,14446,1113.84
2174.85,16,14446,1099
2174.85,17,16238,1170.68
2187.19,17,16238,1158.33
2187.19,18,16850,1182.81
2204.77,18,16850,1165.23
2204.77,19,17284,1182.59
2217.84,19,17284,1169.52
2217.84,20,17428,1175.28
2220,20,17428,1173.12
2220,20,17428,1201.4
2220,20,17428,1218.24
2225.89,20,17428,1212.35
2225.89,21,18013,1236.73
2244.9,21,18013,1217.72
2244.9,20,17869,1209.56
2249,20,17869,1205.63
2249,21,18454,1230
2251,21,18454,1228.08
2251,21,18454,1228.08
2251.51,21,18454,1227.6
2251.51,20,18198,1222.15
2274.1,20,18198,1200.5
2274.1,21,18623,1218.21
2280,21,18623,1212.55
2280,21,18623,1212.55
2280,21,18623,1212.55
2282.36,21,18623,1210.29
2282.36,22,19555,1249.12
2301.22,22,19555,1231.05
2301.22,23,19811,1241.71
2305.11,23,19811,1237.99
2305.11,22,19555,1212.79
2313.59,22,19555,1204.66
2313.59,21,19121,1199.17
2313.92,21,19121,1198.85
2313.92,22,19706,1223.23
2330.61,22,19706,1207.23
2330.61,23,20306,1232.23
2339.55,23,20306,1223.66
2339.55,22,20162,1215.39
2340,22,20162,1214.94
2340,22,20162,1172.62
2340,22,20162,1172.62
2341.78,22,20162,1170.85
2341.78,23,21330,1217.57
2346.16,23,21330,1213.18
2346.16,22,20745,1207.95
2358.84,22,20745,1195.78
2358.84,23,21345,1219.78
2363.07,23,21345,1215.72
2363.07,24,21673,1228.84
2364.19,24,21673,1227.76
2364.19,23,21417,1203.57
2366.1,23,21417,1201.73
2366.1,24,21601,1209.09
2366.51,24,21601,1208.7
2366.51,23,21176,1200.76
2367.19,23,21176,1200.11
2367.19,22,20992,1194.84
2382.47,22,20992,1180.16
2382.47,23,21136,1185.92
2392,23,21136,1176.78
2392,22,20328,1152.58
2393.67,22,20328,1150.98
2393.67,21,20184,1145.74
2400,21,20184,1139.66
2400,21,20184,1139.66
2400,21,20184,1139.66
2400.28,21,20184,1139.39
2400.28,21,20184,1134.16
2404.63,21,20184,1130.34
2404.63,22,20796,1154.82
2411.51,22,20796,1148.76
2411.51,21,20392,1142.96
2423.01,21,20392,1131.46
2423.01,21,20392,1120.41
2423.01,20,19988,1109.35
2426.27,20,19988,1106.09
2426.27,20,19988,1100.82
2438.44,20,19988,1089.61
2438.44,21,20900,1126.09
2447.44,21,20900,1117.82
2447.44,19,19911,1107.41
2447.74,19,19911,1107.12
2447.74,18,19583,1083.05
2453.4,18,19583,1077.61
2453.4,19,20495,1114.09
2454.54,19,20495,1113
2454.54,19,20495,1106.92
2458.94,19,20495,1103.04
2458.94,19,20495,1092.63
2459.23,19,20495,1092.42
2459.23,20,20929,1109.78
2460,20,20929,1109.23
2460,20,20929,1141.63
2460,20,20929,1141.63
2464.42,20,20929,1138.5
2464.42,19,20329,1127.61
2472.94,19,20329,1120.16
2472.94,20,22121,1194.83
2473.99,20,22121,1193.91
2473.99,20,22121,1172.1
2483.37,20,22121,1167.01
2483.37,20,22121,1156.17
2491.52,20,22121,1153.12
2491.52,19,20409,1119.55
2497.09,19,20409,1113.99
2497.09,20,21625,1164.65
2512.16,20,21625,1149.58
2512.16,21,21769,1155.58
2520,21,21769,1147.74
2520,21,21769,1112.69
2520,21,21769,1112.69
2524.36,21,21769,1108.33
2524.36,22,22173,1124.49
2526.39,22,22173,1122.46
2526.39,23,22758,1145.86
2533.52,23,22758,1138.73
2533.52,18,15662,1107.37
2536.55,18,15662,1104.34
2536.55,19,15737,1107.34
2562.48,19,15737,1081.41
2562.48,20,15812,1084.41
2578.74,20,15812,1068.15
2578.74,21,16140,1081.27
2580,21,16140,1080.01
2580,21,16140,1080.01
2580,21,16140,1080.01
2582.32,21,16140,1077.69
2582.32,20,14972,1113.15
2598.7,20,14972,1096.77
2598.7,21,16736,1167.33
2604.28,21,16736,1161.74
2604.28,22,16992,1171.98
2614.99,22,16992,1161.28
2614.99,23,17248,1171.52
2618.28,23,17248,1168.23
2618.28,24,17392,1173.99
2623.61,24,17392,1168.66
2623.61,25,19584,1256.34
2640,25,19584,1239.95
2640,25,19584,1239.95
2640,25,19584,1239.95
2644.56,25,19584,1235.39
2644.56,26,21376,1307.07
2646.5,26,21376,1305.13
2646.5,25,20791,1299.33
2650.01,25,20791,1295.81
2650.01,26,21119,1308.93
2655.28,26,21119,1303.66
2655.28,27,21447,1316.78
2657.8,27,21447,1314.26
2657.8,26,21013,1303.21
2662.39,26,21013,1298.62
2662.39,27,22805,1370.3
2663.03,27,22805,1369.66
2663.03,25,21261,1348.77
2671.15,25,21261,1340.65
2671.15,26,21695,1358.01
2689.85,26,21695,1339.31
2689.85,27,22863,1386.03
2700,27,22863,1375.88
2700,27,22863,1329
2700,27,22863,1329
2714.04,27,22863,1314.96
2714.04,28,23407,1335.88
2723,28,23407,1326.92
2723,29,23591,1334
2732.64,29,23591,1324.35
2732.64,28,23166,1316.72
2739.6,28,23166,1309.76
2739.6,29,23310,1315.3
2750.72,29,23310,1304.18
2750.72,28,22698,1294.13
2750.8,28,22698,1294.05
2750.8,27,22554,1270.79
2750.8,25,22404,1247.53
2754.56,25,22404,1243.77
2754.56,26,22838,1260.46
2757.41,26,22838,1257.61
2757.41,25,22582,1252.58
2760,25,22582,1249.99
2760,25,22582,1249.99
2760,25,22582,1249.99
2760.05,25,22582,1249.93
2760.05,25,22582,1247.41
2760.05,24,22326,1244.88
2763.15,24,22326,1241.78
2763.15,25,22470,1247.32
2777.49,25,22470,1232.98
2777.49,26,22614,1238.52
2791.96,26,22614,1224.05
2791.96,27,23199,1246.55
2798.75,27,23199,1239.76
2798.75,26,23055,1233.91
2799.32,26,23055,1233.34
2799.32,25,22871,1222.71
2805.08,25,22871,1216.95
2805.08,26,23296,1233.29
2805.36,26,23296,1233.01
2805.36,25,23152,1227.98
2811.97,25,23152,1221.37
2811.97,24,23008,1216.34
2814.97,24,23008,1213.35
2814.97,23,22680,1200.88
2818.09,23,22680,1197.76
2818.09,24,22755,1200.64
2818.58,24,22755,1200.15
2818.58,23,22611,1195.12
2819.49,23,22611,1194.21
2819.49,22,22536,1189.14
2820,22,22536,1188.65
2820,22,22536,1227.7
2820,22,22536,1227.7
2822.13,22,22536,1225.65
2822.14,22,22536,1220.37
2825.19,22,22536,1217.68
2825.19,22,22536,1212.45
2825.8,22,22536,1211.97
2825.8,22,22536,1206.72
2827.32,22,22536,1205.63
2827.32,23,23121,1229.03
2828.74,23,23121,1228
2828.74,22,22577,1225.37
2831.07,22,22577,1223.04
2831.07,22,22577,1202.03
2831.65,22,22577,1201.64
2831.65,22,22577,1191.19
2833.92,22,22577,1190.01
2833.92,22,22577,1190.01
2838.41,22,22577,1187.67
2838.41,21,20001,1097.58
2840.02,21,20001,1095.97
2840.02,21,20001,1095.97
2843.74,21,20001,1092.25
2843.74,22,20809,1124.57
2851.52,22,20809,1116.79
2851.52,21,20224,1139.89
2857.39,21,20224,1134.02
2857.39,22,20378,1140.18
2872.97,22,20378,1124.6
2872.97,23,20812,1141.96
2880,23,20812,1134.93
2880,23,20812,1210.54
2880,23,20812,1223.24
2892.68,23,20812,1210.56
2892.68,24,20956,1216.82
2901.28,24,20956,1208.22
2901.28,25,21541,1233.65
2914.1,25,21541,1220.83
2914.1,26,23305,1297.53
2923.9,26,23305,1287.73
2923.9,27,23380,1290.99
2933.97,27,23380,1280.92
2933.97,24,20016,1216.39
2939.94,24,20016,1210.43
2939.94,25,20601,1235.86
2940,25,20601,1235.8
2940,25,20601,1235.8
2940,25,20601,1235.8
2940.07,25,20601,1235.73
2940.07,25,20601,1235.73
2944.59,25,20601,1231.21
2944.59,26,20755,1237.9
2947.98,26,20755,1234.51
2947.98,27,21189,1253.38
2969.9,27,21189,1231.46
2969.9,24,18227,1220.15
2972.17,24,18227,1217.88
2972.17,25,18812,1243.31
2988.17,25,18812,1227.31
2988.17,26,19216,1244.87
2998.06,26,19216,1234.99
2998.06,27,19472,1246.12
3000,27,19472,1244.18
3000,27,19472,1244.18
3000,27,19472,1244.18
3012.63,27,19472,1231.54
3012.63,26,19047,1225.24
3014.68,26,19047,1223.19
3014.68,25,18447,1214.05
3022.34,25,18447,1206.39
3022.34,26,19359,1246.04
3024.24,26,19359,1244.13
3024.24,25,18447,1221.37
3032.98,25,18447,1212.64
3032.98,24,17862,1204.01
3035.33,24,17862,1201.66
3035.33,25,19654,1279.57
3050.35,25,19654,1264.56
3050.35,26,20462,1299.69
3058.21,26,20462,1291.82
3058.21,27,21270,1326.95
3060,27,21270,1325.16
3060,27,21270,1325.16
3060,27,21270,1325.16
3070.22,27,21270,1314.94
3070.22,28,21546,1326.94
3073.04,28,21546,1324.12
3073.05,27,20634,1314.66
3099.44,27,20634,1288.26
3099.44,28,22426,1366.18
3115.55,28,22426,1350.06
3115.55,29,23038,1376.67
3120,29,23038,1372.22
3120,29,23038,1321.59
3120,29,23038,1321.59
3121.84,29,23038,1319.74
3121.84,28,20846,1298.01
3127.07,28,20846,1292.79
3127.07,29,20921,1295.91
3127.11,29,20921,1295.87
3127.11,28,20487,1270.67
3127.11,27,20159,1220.27
3143.79,27,20159,1203.59
3143.79,26,19831,1192.7
3150.53,26,19831,1185.96
3150.53,27,19985,1192.37
3160.48,27,19985,1182.43
3160.48,24,19322,1171.55
3162.74,24,19322,1169.29
3162.74,25,19907,1193.66
3169,25,19907,1187.4
3169,26,20183,1198.9
3169.73,26,20183,1198.16
3169.73,25,20029,1195.43
3180,25,20029,1185.16
3180,25,20029,1185.16
3180,25,20029,1185.16
3198.08,25,20029,1167.08
3198.08,26,20285,1177.75
3213.81,26,20285,1162.02
3213.81,27,20360,1165.14
3237.63,27,20360,1141.32
3237.63,28,20616,1151.99
3238,28,20616,1151.62
3238,27,20541,1143.35
3240,27,20541,1141.35
3240,27,20541,1182.38
3240,27,20541,1182.38
3247.26,27,20541,1175.12
3247.26,26,20466,1172.26
3248.99,26,20466,1170.53
3248.99,26,20466,1167.68
3249.39,26,20466,1167.3
3249.39,27,20722,1178.43
3256.51,27,20722,1171.61
3256.51,26,20578,1168.76
3258.24,26,20578,1167.03
3258.24,26,20578,1164.18
3260.26,26,20578,1162.25
3260.26,27,20722,1168.51
3263.12,27,20722,1165.77
3263.12,26,20466,1160.09
3268.06,26,20466,1155.37
3268.06,25,20322,1148.75
3271.52,25,20322,1145.44
3271.52,25,20322,1145.2
3274.67,25,20322,1142.33
3274.67,24,19918,1136.64
3275.55,24,19918,1135.76
3275.55,25,20174,1146.89
3288.97,25,20174,1133.47
3288.97,26,20450,1145.47
3292.62,26,20450,1141.82
3292.62,26,20450,1141.82
3296.93,26,20450,1137.51
3296.93,27,22242,1215.43
3298.72,27,22242,1213.63
3298.72,27,22242,1213.63
3300,27,22242,1212.35
3300,27,22242,1303.54
3300,27,22242,1303.54
3300.92,27,22242,1302.62
3300.93,25,21690,1266.46
3301.43,25,21690,1265.95
3301.43,25,21690,1258.71
3304.92,25,21690,1255.55
3304.92,24,21414,1243.17
3304.92,24,21414,1230.79
3308.91,24,21414,1227.94
3308.91,24,21414,1215.55
3310.6,24,21414,1214.67
3310.6,24,21414,1202.27
3318.43,24,21414,1199.66
3318.43,24,21414,1206.52
3325.04,24,21414,1203.69
3325.04,24,21414,1197.46
3325.2,24,21414,1197.41
3325.2,23,20198,1217.22
3335.55,23,20198,1206.88
3335.55,19,14666,1093.52
3342.06,19,14666,1087.01
3342.06,20,14820,1094.34
3356.38,20,14820,1080.02
3356.38,20,14820,1080.02
3356.38,20,14820,1080.02
3356.93,20,14820,1079.47
3356.93,21,16584,1163.47
3360,21,16584,1160.4
3360,21,16584,1160.4
3360,21,16584,1160.4
3362.48,21,16584,1157.92
3362.48,21,16584,1157.92
3362.48,21,16584,1157.92
3367.24,21,16584,1153.17
3367.24,22,17184,1181.74
3375.06,22,17184,1173.92
3375.06,23,18948,1257.92
3397.41,23,18948,1235.57
3397.41,24,19204,1247.76
3416.26,24,19204,1228.91
3416.26,20,15836,1204.04
3419.46,20,15836,1200.83
3419.46,19,15251,1191.38
3419.9,19,15251,1190.94
3419.9,20,15676,1211.18
3420,20,15676,1211.08
3420,20,15676,1163.17
3420,20,15676,1163.17
3442.53,20,15676,1140.64
3442.53,21,15860,1149
3450.16,21,15860,1141.37
3450.16,22,17624,1221.56
3465.66,22,17624,1206.05
3465.66,23,17699,1209.46
3480,23,17699,1195.12
3480,23,17699,1195.12
3480,23,17699,1195.12
3481.06,23,17699,1194.06
3481.06,24,17883,1202.42
3494.32,24,17883,1189.17
3494.32,25,18211,1204.08
3513.32,25,18211,1185.07
3513.32,26,18467,1196.71
3527.56,26,18467,1182.47
3527.56,25,18033,1176.71
3529.05,25,18033,1175.21
3529.05,26,18633,1202.49
3540,26,18633,1191.54
3540,26,18633,1191.54
3540,26,18633,1191.54
3548.89,26,18633,1182.65
3548.89,27,19067,1202.38
3557.21,27,19067,1194.06
3557.21,25,18759,1187.14
3563.49,25,18759,1180.86
3563.49,24,18503,1153.37
3565.46,24,18503,1151.4
3565.46,25,20295,1232.86
3571.52,25,20295,1226.79
3571.52,24,20220,1226.55
3578.75,24,20220,1219.32
3578.75,25,20476,1230.95
3580.78,25,20476,1228.92
3580.78,25,20476,1225.94
3600,25,20476,1207.59
3600,25,20476,1161.91
3600,25,20476,1161.91
3601.35,25,20476,1160.62
3601.35,23,19635,1148.6
3601.88,23,19635,1148.07
3601.88,24,20060,1166.55
3625.57,24,20060,1142.86
3625.57,23,19876,1137.13
3626.08,23,19876,1136.62
3626.08,22,19548,1110.45
3626.71,22,19548,1109.82
3626.71,23,19982,1128.69
3634.13,23,19982,1121.27
3634.13,24,20416,1140.14
3642.76,24,20416,1131.5
3642.76,24,20416,1120.15
3645.72,24,20416,1117.7
3645.72,24,20416,1114.86
3645.72,24,20416,1112.01
3652.05,24,20416,1107.33
3652.05,23,19504,1139.89
3658.98,23,19504,1132.96
3658.98,24,19658,1139.66
3660,24,19658,1138.64
3660,24,19658,1138.64
3660,24,19658,1138.64
3663.43,24,19658,1135.21
3663.43,23,17866,1086.69
3668.51,23,17866,1081.62
3668.51,22,17058,1075
3696.71,22,17058,1046.81
3696.71,23,18822,1123.5
3700.85,23,18822,1119.36
3700.85,20,15610,1072.68
3706.79,20,15610,1066.74
3706.79,18,15098,1107.35
3715.15,18,15098,1098.99
3715.15,19,15523,1117.47
3720,19,15523,1112.62
3720,19,15523,1117.25
3720,19,15523,1157.98
3725.64,19,15523,1152.33
3725.64,20,15677,1159.33
3733.48,20,15677,1151.49
3733.48,21,16289,1179.31
3745.37,21,16289,1167.42
3745.37,22,16364,1170.83
3751.52,22,16364,1164.68
3751.52,21,16289,1164.43
3760.78,21,16289,1155.18
3760.78,21,16289,1152.19
3762,21,16289,1151.02
3762,22,16723,1170.74
3768.87,22,16723,1164.19
3768.87,21,14931,1159.92
3768.87,20,14506,1153.93
3774.97,20,14506,1148.11
3774.97,20,14506,1148.11
3780,20,14506,1143.31
3780,20,14506,1143.31
3780,20,14506,1143.31
3781.12,20,14506,1142.23
3781.12,21,14940,1161.96
3788.54,21,14940,1154.88
3788.54,19,13022,1090.1
3793.53,19,13022,1085.11
3793.53,20,13954,1127.47
3802.74,20,13954,1118.26
3802.74,19,13800,1109.24
3802.74,19,13800,1100.21
3805.94,19,13800,1097.16
3805.94,18,13544,1088.14
3814.01,18,13544,1080.07
3814.01,19,13820,1092.62
3838.36,19,13820,1068.26
3838.36,20,14096,1080.81
3840,20,14096,1079.17
3840,20,14096,1079.17
3840,20,14096,1079.17
3850.27,20,14096,1068.89
3850.27,21,14530,1088.62
3868.02,21,14530,1070.87
3868.02,20,14346,1064.88
3877.05,20,14346,1055.85
3877.05,20,14346,1052.87
3877.06,20,14346,1052.86
3877.06,21,14931,1079.45
3891.25,21,14931,1065.91
3891.25,20,14675,1062.93
3894.5,20,14675,1059.68
3894.5,19,14419,1053.73
3896.14,19,14419,1052.09
3896.14,20,14573,1059.09
3900,20,14573,1055.23
3900,20,14573,1091.84
3900,20,14573,1091.84
3910.07,20,14573,1081.77
3910.07,21,15381,1120.25
3929.14,21,15381,1101.18
3929.14,21,15381,1072.38
3934.31,21,15381,1067.7
3934.31,20,15105,1054.54
3934.85,20,15105,1054
3934.85,21,16897,1139.33
3937.48,21,16897,1136.7
3937.48,22,17051,1144.04
3938.3,22,17051,1143.21
3938.3,21,16775,1130.83
3942.29,21,16775,1126.84
3942.29,21,16775,1114.45
3943.06,21,16775,1113.84
3943.06,22,17209,1134.5
3948.87,22,17209,1129.8
3948.87,23,17393,1138.56
3953.33,23,17393,1134.95
3953.33,23,17393,1128.67
3956.58,23,17393,1126.35
3956.58,22,16793,1175.5
3958.83,22,16793,1173.25
3958.83,23,17218,1193.48
3960,23,17218,1192.32
3960,23,17218,1148.41
3960,23,17218,1148.41
3966.15,23,17218,1142.26
3966.15,21,13690,1065.56
3966.65,21,13690,1065.06
3966.65,20,13256,1052.49
3971.18,20,13256,1047.96
3971.18,21,13400,1054.51
3983.02,21,13400,1042.67
3983.02,22,15192,1124.13
3987.83,22,15192,1119.31
3987.83,21,15038,1110.29
3993.26,21,15038,1104.86
3993.26,22,15650,1132.68
3999.52,22,15650,1126.42
3999.52,23,15794,1132.96
4004.7,23,15794,1127.78
4004.7,24,15948,1134.78
4017.33,24,15948,1122.15
4017.33,25,16560,1149.97
4020,25,16560,1147.3
4020,25,16560,1147.3
4020,25,16560,1147.3
4036.95,25,16560,1130.35
4036.95,26,17145,1156.94
4048.86,26,17145,1145.03
4048.86,25,16991,1138.44
4053.82,25,16991,1133.48
4053.82,26,17395,1151.85
4062.19,26,17395,1143.47
4062.19,27,18327,1185.84
4076.34,27,18327,1171.69
4076.34,27,18327,1168.71
4079.07,27,18327,1166.11
4079.07,25,17999,1138.75
4080,25,17999,1137.86
4080,25,17999,1137.86
4080,25,17999,1137.86
4080.35,25,17999,1137.53
4080.35,26,18143,1144.08
4085.68,26,18143,1138.98
4085.68,25,17999,1133.04
4087.16,25,17999,1131.62
4087.16,26,18807,1168.35
4092.29,26,18807,1163.46
4092.29,25,18663,1157.51
4098.9,25,18663,1151.2
4098.9,25,18663,1145.26
4099.45,25,18663,1144.79
4099.45,26,18817,1151.79
4105.55,26,18817,1146.51
4105.55,26,18817,1140.56
4107.6,26,18817,1138.97
4107.6,26,18817,1132.06
4122.61,26,18817,1121.82
4122.61,27,19889,1170.55
4137.37,27,19889,1160.49
4137.37,26,19289,1211.7
4140,26,19289,1209.07
4140,26,19289,1209.07
4140,26,19289,1209.07
4143.14,26,19289,1205.92
4143.14,27,19443,1212.92
4146.94,27,19443,1209.13
4146.94,22,15933,1184.06
4150.03,22,15933,1180.97
4150.03,23,16367,1200.7
4165.58,23,16367,1185.14
4165.58,24,16511,1191.69
4185.68,24,16511,1171.59
4185.68,25,16767,1183.22
4200,25,16767,1168.91
4200,25,16767,1168.91
4200,25,16767,1168.91
4206.48,25,16767,1162.42
4206.48,26,17352,1189.02
4238.88,26,17352,1156.62
4238.88,27,17608,1168.26
4250.84,27,17608,1156.3
4250.84,28,17884,1168.84
4252.83,28,17884,1166.85
4252.83,29,18212,1181.76
4256.68,29,18212,1177.91
4256.68,28,16448,1098.19
4256.68,27,15836,1062.74
4257.02,27,15836,1062.4
4257.02,26,15402,1034.91
4260,26,15402,1031.93
4260,26,15402,1031.93
4260,26,15402,1031.93
4266.98,26,15402,1024.95
4266.98,27,16858,1091.13
4277.54,27,16858,1080.57
4277.54,28,17994,1132.2
4287.89,28,17994,1121.86
4287.89,27,17560,1137.58
4287.89,26,17126,1130.67
4294.44,26,17126,1124.11
4294.44,25,16982,1096.62
4300.41,25,16982,1090.65
4300.41,26,17238,1102.28
4301.05,26,17238,1101.65
4301.05,26,17238,1095.7
4310.61,26,17238,1087.01
4310.61,27,19030,1168.46
4320,27,19030,1159.93
4320,27,19030,1199.8
4320,27,19030,1215.17
4326.1,27,19030,1209.36
4326.1,27,19030,1209.36
4331.17,27,19030,1204.53
4331.17,28,19184,1211.86
4344.37,28,19184,1199.29
4344.37,26,17667,1180.95
4355.16,26,17667,1170.15
4355.16,27,17923,1182.34
4361.17,27,17923,1176.33
4361.17,28,18357,1197
4362.46,28,18357,1195.71
4362.46,27,17549,1213.77
4380,27,17549,1196.23
4380,27,17549,1196.23
4380,27,17549,1196.23
4382.47,27,17549,1193.76
4382.47,28,17624,1197.33
4397,28,17624,1182.8
4397,29,17768,1189.65
4397.97,29,17768,1188.69
4397.97,28,15976,1116.78
4415.12,28,15976,1099.63
4415.12,29,16130,1106.96
4426.93,29,16130,1095.15
4426.93,28,15705,1088.25
4426.93,27,15630,1081.34
4428.84,27,15630,1079.43
4428.84,26,15196,1136.86
4428.84,25,13404,1073.42
4432.9,25,13404,1069.36
4432.9,26,13479,1072.93
4436.18,26,13479,1069.65
4436.18,25,13404,1066.52
4437.09,25,13404,1065.62
4437.09,26,13660,1077.81
4440,26,13660,1074.89
4440,26,13660,1074.89
4440,26,13660,1074.89
4445.44,26,13660,1069.45
4445.44,26,13660,1066.32
4448.05,26,13660,1063.84
4448.05,26,13660,1067.41
4455.81,26,13660,1059.65
4455.81,27,13735,1063.22
4457.31,27,13735,1061.72
4457.31,26,13660,1058.59
4459.1,26,13660,1056.79
4459.1,27,14085,1077.03
4466.56,27,14085,1069.57
4466.56,27,14085,1066.44
4468.34,27,14085,1064.75
4468.34,28,14519,1085.42
4487.8,28,14519,1066.89
4487.8,29,14847,1082.51
4490.85,29,14847,1079.6
4490.85,30,15281,1100.26
4496.31,30,15281,1095.07
4496.31,28,14515,1079.63
4497.62,28,14515,1078.31
4497.62,29,15651,1132.41
4500,29,15651,1130.03
4500,29,15651,1179.24
4500,29,15651,1179.24
4510.22,29,15651,1169.02
4510.22,30,16085,1190.72
4537.39,30,16085,1163.55
4537.39,31,16229,1170.75
4540.42,31,16229,1167.72
4540.42,32,16663,1189.42
4547.21,32,16663,1182.63
4547.21,31,16051,1151.19
4553.35,31,16051,1145.05
4553.35,32,16205,1152.75
4560,32,16205,1146.1
4560,32,16205,1095.61
4560,32,16205,1095.61
4560.62,32,16205,1094.99
4560.62,33,16790,1122.85
4569.79,33,16790,1113.68
4569.79,31,16051,1097.82
4584,31,16051,1083.6
4584,30,15647,1096.31
4584.82,30,15647,1095.49
4584.82,29,15493,1092.37
4586.12,29,15493,1091.07
4586.12,30,15677,1099.83
4592.96,30,15677,1092.99
4592.96,31,16262,1120.85
4604.98,31,16262,1108.83
4604.98,32,17174,1152.25
4619.93,32,17174,1137.3
4619.93,31,16242,1119.01
4620,31,16242,1118.94
4620,31,16242,1118.94
4620,31,16242,1118.94
4628.26,31,16242,1110.68
4628.26,30,15434,1110.09
4629.44,30,15434,1108.9
4629.44,31,15588,1116.24
4634.9,31,15588,1110.78
4634.9,29,14898,1098.34
4649.32,29,14898,1083.92
4649.32,30,15226,1099.54
4658.3,30,15226,1090.56
4658.3,29,15072,1087.44
4665.82,29,15072,1079.92
4665.82,30,15880,1118.4
4673.33,30,15880,1110.89
4673.33,29,15726,1107.77
4680,29,15726,1101.1
4680,29,15726,1132.41
4680,29,15726,1132.41
4686.67,29,15726,1125.75
4686.67,30,16160,1147.45
4696.98,30,16160,1137.13
4696.98,29,15904,1130.54
4706.7,29,15904,1120.82
4706.7,30,16836,1167.42
4706.92,30,16836,1167.2
4706.92,29,16682,1159.95
4721.21,29,16682,1145.66
4721.21,30,16866,1154.86
4730.85,30,16866,1145.22
4730.85,29,16712,1135.3
4739.72,29,16712,1126.43
4739.72,30,16968,1139.23
4740,30,16968,1138.94
4740,30,16968,1104.46
4740,30,16968,1104.46
4740.53,30,16968,1103.93
4740.53,29,16712,1075.13
4746.81,29,16712,1068.85
4746.81,29,16712,1065.73
4756.16,29,16712,1056.82
4756.16,30,17520,1095.3
4759.06,30,17520,1092.54
4759.06,29,17264,1086.26
4761.84,29,17264,1083.62
4761.84,28,16830,1080.5
4771.87,28,16830,1070.47
4771.87,27,16554,1055.03
4775.85,27,16554,1051.05
4775.85,26,16410,1043.8
4775.86,26,16410,1043.79
4775.86,25,16082,1031.41
4777.29,25,16082,1029.98
4777.29,26,16410,1045.6
4782.46,26,16410,1040.43
4782.46,25,16154,1034.2
4787.24,25,16154,1029.42
4787.24,26,16308,1036.75
4792.55,26,16308,1031.45
4792.55,24,15440,1019.01
4795.43,24,15440,1016.13
4795.43,23,15286,1013.01
4796.64,23,15286,1011.8
4796.64,24,15690,1031.04
4800,24,15690,1027.67
4800,24,15690,1027.67
4800,24,15690,1027.67
4800.56,24,15690,1027.11
4800.56,25,17482,1112.44
4802.61,25,17482,1110.4
4802.61,24,17048,1104.12
4808.28,24,17048,1098.45
4808.28,25,17192,1105.3
4819.36,25,17192,1094.23
4819.36,25,17192,1091.11
4821.14,25,17192,1089.41
4821.14,24,17048,1083.14
4825.94,24,17048,1078.56
4825.94,25,17660,1107.71
4827.75,25,17660,1105.98
4827.75,24,17476,1099.76
4844.54,24,17476,1083.77
4844.54,23,17292,1077.49
4854.23,23,17292,1068.26
4854.23,22,17036,1062.02
4854.45,22,17036,1061.8
4854.45,23,17470,1082.47
4860,23,17470,1077.19
4860,23,17470,1077.19
4860,23,17470,1077.19
4869.16,23,17470,1068.47
4869.16,24,17726,1080.66
4871.02,24,17726,1078.89
4871.02,23,17582,1072.65
4877.63,23,17582,1066.35
4877.63,22,17326,1060.12
4883.94,22,17326,1054.11
4883.94,22,17326,1051
4883.95,22,17326,1050.98
4883.95,23,18134,1089.46
4884.53,23,18134,1088.94
4884.53,23,18134,1095.8
4890.49,23,18134,1089.83
4890.49,24,19926,1175.16
4891.13,24,19926,1174.52
4891.13,24,19926,1168.29
4894.06,24,19926,1165.65
4894.06,23,19598,1152.48
4902.79,23,19598,1143.76
4902.79,23,19598,1136.51
4902.8,23,19598,1136.51
4902.8,24,20032,1157.17
4910.74,24,20032,1149.98
4910.74,23,19704,1137.54
4916.31,23,19704,1132.51
4916.31,22,19376,1126.23
4918.43,22,19376,1124.1
4918.43,23,19810,1144.77
4920,23,19810,1143.2
4920,23,19810,1098.38
4920,23,19810,1098.38
4927.43,23,19810,1090.95
4927.43,23,19810,1079.07
4932.99,23,19810,1074.52
4932.99,23,19810,1062.64
4933.5,23,19810,1062.32
4933.5,23,19810,1055.41
4933.5,23,19810,1048.5
4939.71,23,19810,1045.67
4939.71,23,19810,1039.68
4939.87,23,19810,1039.62
4939.87,24,20618,1076.35
4943.41,24,20618,1075.06
4943.41,25,21426,1111.79
4943.56,25,21426,1111.73
4943.56,24,20354,1082.68
4945.12,24,20354,1081.12
4945.12,21,18453,1073.12
4956.27,21,18453,1063.49
4956.27,21,18453,1054.47
4967.4,21,18453,1045.36
4967.4,21,18453,1051.91
4974.01,21,18453,1045.9
4974.01,21,18453,1039.95
4980,21,18453,1035.05
4980,21,18453,1035.05
4980,21,18453,1035.05
4980.28,21,18453,1034.82
4980.28,22,18887,1054.55
4981.05,22,18887,1053.92
4981.05,22,18887,1042.09
4988.11,22,18887,1037.6
4988.11,23,19143,1049.23
4991.56,23,19143,1047.04
4991.56,22,17351,1019.55
4993.47,22,17351,1018.33
4993.47,23,17535,1026.7
4993.92,23,17535,1026.41
4993.92,22,16079,988.155
5000.91,22,16079,981.16
5000.91,23,16887,1017.89
5004.6,23,16887,1014.2
5004.6,24,17041,1021.2
5010.65,24,17041,1015.15
5010.65,25,17369,1030.06
5019.82,25,17369,1020.89
5019.82,24,16233,941.226
5022.43,24,16233,938.622
5022.43,23,15808,943.448
5025.41,23,15808,940.598
5025.41,22,14672,861.015
5031,22,14672,855.705
5031,13,8140,802.974
5037.75,13,8140,796.222
5037.75,14,8215,800.389
5040,14,8215,798.143
5040,14,8215,836.563
5040,14,8215,836.563
5049.22,14,8215,827.343
5049.22,15,8369,836.401
5052.76,15,8369,832.866
5052.76,16,9301,881.372
5069.74,16,9301,864.387
5069.74,17,10233,908.767
5071.52,17,10233,906.989
5071.52,16,10158,906.728
5080.78,16,10158,897.471
5080.78,15,10004,894.341
5081.41,15,10004,893.703
5081.41,16,10280,906.846
5091.9,16,10280,896.36
5091.9,17,12044,980.36
5100,17,12044,972.26
5100,17,12044,972.26
5100,17,12044,972.26
5110.16,17,12044,962.097
5110.16,18,12300,974.287
5119.51,18,12300,964.939
5119.51,18,12300,964.939
5125.61,18,12300,958.839
5125.61,18,12300,958.839
5127.95,18,12300,956.504
5127.95,19,12444,963.362
5154.66,19,12444,936.644
5154.66,20,12628,945.406
5160,20,12628,940.07
5160,20,12628,940.07
5160,20,12628,940.07
5168.38,20,12628,931.686
5168.38,21,12772,938.543
5169.29,21,12772,937.64
5169.29,21,12772,934.522
5171.95,21,12772,931.983
5171.95,20,12628,924.741
5171.95,19,12484,917.498
5178.56,19,12484,911.203
5178.56,19,12484,904.976
5178.56,18,11872,890.272
5182.94,18,11872,886.099
5182.94,16,10630,923.822
5183.65,16,10630,923.154
5183.65,17,10958,940.417
5187.97,17,10958,936.322
5187.97,17,10958,967.112
5196.52,17,10958,958.564
5196.52,18,11766,1001.09
5216.99,18,11766,980.617
5216.99,19,12022,994.09
5219.82,19,12022,991.26
5219.82,20,12456,1013.5
5220,20,12456,1013.32
5220,20,12456,1013.32
5220,20,12456,1013.32
5235.18,20,12456,998.138
5235.18,21,13041,1026
5250.08,21,13041,1011.1
5250.08,22,13475,1031.77
5252.81,22,13475,1029.03
5252.81,23,13659,1037.8
5262.25,23,13659,1028.35
5262.25,24,13803,1035.21
5266.25,24,13803,1031.21
5266.25,22,11577,954.102
5278.66,22,11577,941.698
5278.66,23,11721,948.555
5280,23,11721,947.21
5280,23,11721,947.21
5280,23,11721,947.21
5296.8,23,11721,930.408
5296.8,22,11287,935.056
5296.8,21,10479,921.894
5302.42,21,10479,916.28
5302.42,20,9894,909.375
5307.6,20,9894,904.195
5307.6,21,10048,911.528
5313.44,21,10048,905.684
5313.44,22,10123,909.255
5323.89,22,10123,898.804
5323.89,21,9315,873.751
5327.29,21,9315,870.358
5327.29,22,9390,873.929
5331.6,22,9390,869.618
5331.6,21,9315,860.164
5340,21,9315,851.761
5340,21,9315,851.761
5340,21,9315,851.761
5340.85,21,9315,850.907
5340.85,20,9240,847.777
5346,20,9240,842.627
5346,21,10152,886.056
5350.11,21,10152,881.948
5350.11,21,10152,878.818
5358.72,21,10152,870.622
5358.72,22,10960,909.098
5366.37,22,10960,901.814
5366.37,23,11768,940.29
5368.56,23,11768,938.199
5368.56,24,12353,966.056
5389.88,24,12353,945.752
5389.88,25,14145,1031.09
5400,25,14145,1021.45
5400,25,14145,1021.45
5400,25,14145,1021.45
5404.27,25,14145,1017.38
5404.27,26,14730,1045.24
5407.2,26,14730,1042.45
5407.2,24,14142,1026.73
5411.7,24,14142,1022.23
5411.7,25,14296,1029.56
5417.48,25,14296,1023.78
5417.48,25,14296,1014.33
5417.48,24,14040,1001.44
5424.19,24,14040,994.739
5424.19,25,14316,1007.88
5437.75,25,14316,994.317
5437.75,24,14132,1016.79
5441.64,24,14132,1012.91
5441.64,25,15924,1098.24
5448.74,25,15924,1091.13
5448.74,24,15116,1055.11
5451.27,24,15116,1052.59
5451.27,25,15716,1081.16
5460,25,15716,1072.43
5460,25,15716,1030.82
5460,25,15716,1030.82
5464.23,25,15716,1026.58
5464.23,24,15572,1020.63
5470.84,24,15572,1014.02
5470.84,23,15428,1008.07
5474.46,23,15428,1004.45
5474.46,24,16360,1046.82
5477.45,24,16360,1043.83
5477.45,24,16360,1037.88
5479.56,24,16360,1035.96
5479.56,23,16032,1057.43
5494.57,23,16032,1042.42
5494.57,24,16107,1045.83
5495.71,24,16107,1044.69
5495.71,23,15522,1041.71
5496.25,23,15522,1041.17
5496.25,22,14590,1029.3
5503.43,22,14590,1022.11
5503.43,23,14846,1033.75
5510.86,23,14846,1026.32
5510.86,24,15280,1046.05
5519.48,24,15280,1037.43
5519.48,25,15892,1065.25
5520,25,15892,1064.73
5520,25,15892,989.082
5520,25,15892,989.082
5530.15,25,15892,978.935
5530.15,26,16148,989.602
5548.15,26,16148,971.598
5548.15,25,15892,965.261
5560.28,25,15892,953.136
5560.28,26,16220,966.803
5562.6,26,16220,964.476
5562.6,25,16036,952.96
5574.45,25,16036,941.113
5574.45,24,15961,932.841
5580,24,15961,927.29
5580,24,15961,927.29
5580,24,15961,927.29
5583.71,24,15961,923.584
5583.71,24,15961,920.845
5585.15,24,15961,919.462
5585.15,24,15961,894.261
5588.51,24,15961,891.32
5588.51,25,16386,909.028
5589.08,25,16386,908.527
5589.08,24,15454,875.734
5589.69,24,15454,875.15
5589.69,24,15454,863.633
5592.81,24,15454,860.903
5592.81,25,16039,885.278
5606.59,25,16039,873.22
5606.59,26,16464,890.929
5610.23,26,16464,887.745
5610.23,25,16188,944.252
5611.52,25,16188,943.017
5611.52,25,16188,942.788
5614.22,25,16188,940.31
5614.22,24,14424,869.642
5617.07,24,14424,867.034
5617.07,25,14680,877.701
5624.59,25,14680,870.804
5624.59,24,14352,865.604
5631.21,24,14352,858.989
5631.21,25,14964,884.489
5640,25,14964,875.696
5640,25,14964,910.874
5640,25,14964,910.874
5641.28,25,14964,909.598
5641.28,23,13571,877.078
5647.38,23,13571,870.978
5647.38,23,13571,870.978
5648.19,23,13571,870.168
5648.19,21,12881,863.81
5650.9,21,12881,861.096
5650.9,22,12956,864.357
5671.52,22,12956,843.737
5671.52,21,12522,832.391
5671.61,21,12522,832.302
5671.61,22,12798,844.302
5683.07,22,12798,832.841
5683.07,23,13730,873.363
5688.9,23,13730,867.537
5688.9,22,13576,858.905
5696.83,22,13576,850.975
5696.83,23,14744,901.758
5700,23,14744,898.584
5700,23,14744,972.537
5700,23,14744,972.537
5700.54,23,14744,971.998
5700.54,24,15356,1001.14
5705.98,24,15356,995.699
5705.98,25,15684,1011.32
5710.27,25,15684,1007.03
5710.27,24,15500,1035.42
5714.54,24,15500,1031.14
5714.54,23,15244,1017.98
5725.17,23,15244,1007.35
5725.17,24,16176,1051.73
5736.37,24,16176,1040.53
5736.37,25,17968,1125.87
5736.75,25,17968,1125.49
5736.75,24,17712,1119.25
5741.02,24,17712,1114.98
5741.02,22,17212,1107.26
5747.12,22,17212,1101.16
5747.12,22,17212,1101.16
5748.99,22,17212,1099.29
5748.99,23,17646,1119.95
5750.28,23,17646,1118.67
5750.28,23,17646,1115.54
5755.14,23,17646,1110.91
5755.14,24,19410,1194.91
5760,24,19410,1190.28
5760,24,19410,1190.28
5760,24,19410,1190.28
5760.48,24,19410,1189.82
5760.48,24,19410,1193.39
5769.74,24,19410,1184.13
5769.74,24,19410,1181
5776.62,24,19410,1174.45
5776.62,24,19410,1168.17
5777.41,24,19410,1167.5
5777.41,23,19134,1164.38
5781.4,23,19134,1160.39
5781.4,22,18806,1148
5782.65,22,18806,1146.75
5782.65,23,19418,1175.9
5786.19,23,19418,1172.36
5786.19,24,20226,1210.84
5789.14,24,20226,1207.89
5789.14,24,20226,1200.64
5796.86,24,20226,1193.66
5796.86,25,20410,1202.42
5798.08,25,20410,1201.31
5798.08,25,20410,1188.87
5798.83,25,20410,1188.34
5798.83,24,19498,1177.11
5803.82,24,19498,1172.11
5803.82,25,19932,1192.78
5812.47,25,19932,1184.13
5812.47,24,19124,1176.89
5820,24,19124,1169.36
5820,24,19124,1123.34
5820,24,19124,1123.34
5822.16,24,19124,1121.18
5822.16,25,19268,1127.72
5828.86,25,19268,1121.03
5828.86,26,19343,1124.44
5847.63,26,19343,1105.67
5847.63,22,14695,1072.51
5857.73,22,14695,1062.4
5857.73,23,15099,1080.77
5859.84,23,15099,1078.66
5859.84,22,14915,1051.16
5879.96,22,14915,1031.04
5879.96,23,15059,1037.59
5880,23,15059,1037.55
5880,23,15059,1037.55
5880,23,15059,1037.55
5882.19,23,15059,1035.36
5882.19,22,14984,1026.34
5886.32,22,14984,1022.2
5886.32,21,14840,1016.25
5891.45,21,14840,1011.12
5891.45,21,14840,1008.13
5892.93,21,14840,1006.72
5892.93,20,14696,1000.77
5897.55,20,14696,996.363
5897.55,21,14850,1003.36
5899.54,21,14850,1001.46
5899.54,21,14850,995.52
5903.9,21,14850,991.752
5903.9,21,14850,1003.39
5904.75,21,14850,1002.58
5904.75,20,14574,975.218
5907.08,20,14574,973.002
5907.08,19,13989,960.438
5908.75,19,13989,958.919
5908.75,19,13989,947.099
5909.71,19,13989,946.401
5909.71,18,13389,955.499
5919.27,18,13389,945.932
5919.27,15,11598,907.593
5924.79,15,11598,902.329
5924.79,16,13390,983.784
5939.36,16,13390,969.871
5939.36,17,14198,1006.6
5940,17,14198,1005.99
5940,17,14198,1044.55
5940,17,14198,1044.55
5961.51,17,14198,1024.06
5961.51,18,14783,1051.92
5965.98,18,14783,1047.66
5965.98,18,14783,1041.38
5971.52,18,14783,1036.64
5971.52,17,14171,1036.38
5975.11,17,14171,1032.79
5975.11,18,14315,1039.64
5986.63,18,14315,1028.13
5986.63,19,16107,1113.46
6000,19,16107,1100.09
6000,19,16107,1056.28
6000,19,16107,1056.28
6007.26,19,16107,1049.02
6007.26,20,16251,1055.56
6019.01,20,16251,1043.81
6019.01,21,17059,1080.54
6021.01,21,17059,1078.54
6021.01,20,16905,1071.94
6027.76,20,16905,1065.2
6027.76,19,16320,1056.18
6045.1,19,16320,1038.83
6045.1,20,16504,1047.19
6058.74,20,16504,1033.56
6058.74,21,16780,1046.1
6059.21,21,16780,1045.63
6059.21,20,16168,1048.3
6060,20,16168,1047.51
6060,20,16168,1047.51
6060,20,16168,1047.51
6060.22,20,16168,1047.29
6060.22,19,14376,1040.38
6071.21,19,14376,1029.39
6071.21,18,13444,1025.38
6078.27,18,13444,1018.32
6078.27,17,13300,1005.76
6081.89,17,13300,1002.13
6081.89,18,13734,1021.86
6084.88,18,13734,1018.87
6084.88,17,13590,1012.93
6091.49,17,13590,1006.32
6091.49,16,13406,1000.38
6102.88,16,13406,988.983
6102.88,17,13991,1015.57
6109.52,17,13991,1008.93
6109.52,16,13406,1005.95
6113.43,16,13406,1002.05
6113.43,16,13406,989.487
6117.97,16,13406,985.358
6117.97,15,13078,979.402
6120,15,13078,977.371
6120,15,13078,1015.14
6120,15,13078,1015.14
6120.79,15,13078,1014.35
6120.79,16,13512,1035.01
6134.65,16,13512,1021.15
6134.65,15,13236,1008.71
6135.16,15,13236,1008.21
6135.16,16,13512,1021.35
6138.65,16,13512,1017.86
6138.65,15,13236,1005.48
6142.64,15,13236,1001.49
6142.64,15,13236,989.105
6146.9,15,13236,985.656
6146.9,14,12068,946.739
6158.28,14,12068,935.362
6158.28,15,12344,948.505
6159.65,15,12344,947.128
6159.65,16,13512,1002.75
6179.95,16,13512,982.448
6179.95,17,14124,1011.59
6180,17,14124,1011.54
6180,17,14124,1004.8
6180,17,14124,1012.08
6199.26,17,14124,992.819
6199.26,17,14124,985.914
6199.69,17,14124,985.51
6199.69,17,14124,992.844
6204.84,17,14124,987.689
6204.84,18,14932,1026.16
6210.76,18,14932,1020.24
6210.76,19,15208,1033.39
6223.15,19,15208,1021
6223.15,18,14596,1020.79
6223.67,18,14596,1020.28
6223.67,19,16388,1105.61
6227.61,19,16388,1101.67
6227.61,17,15022,1119.53
6229.03,17,15022,1118.18
6229.03,18,15830,1156.65
6233.71,18,15830,1152.19
6233.71,18,15830,1152.19
6240,18,15830,1146.2
6240,18,15830,1146.2
6240,18,15830,1146.2
6243.52,18,15830,1142.85
6243.52,19,15974,1149.71
6253.51,19,15974,1140.19
6253.51,20,16378,1159.43
6269.81,20,16378,1143.9
6269.81,20,16378,1171.76
6277.08,20,16378,1164.5
6277.08,21,17186,1202.97
6287.51,21,17186,1192.54
6287.51,22,17442,1204.73
6288.2,22,17442,1204.04
6288.2,22,17442,1200.93
6293.56,22,17442,1195.82
6293.56,21,16634,1186.37
6300,21,16634,1179.93
6300,21,16634,1133.43
6300,21,16634,1133.43
6309.67,21,16634,1123.76
6309.67,22,17059,1143.08
6310.84,22,17059,1141.9
6310.84,21,15295,1077.66
6330.98,21,15295,1057.53
6330.98,22,16511,1112.8
6343.88,22,16511,1099.9
6343.88,23,16945,1119.63
6359.21,23,16945,1104.3
6359.21,24,17221,1116.85
6360,24,17221,1116.05
6360,24,17221,1116.05
6360,24,17221,1116.05
6368.56,24,17221,1107.49
6368.56,23,16787,1100.58
6379.55,23,16787,1089.59
6379.55,22,16175,1065.4
6383.22,22,16175,1061.73
6383.22,23,16609,1081.46
6391.04,23,16609,1073.64
6391.04,24,17194,1100.23
6402.76,24,17194,1088.51
6402.76,25,17619,1107.83
6404.07,25,17619,1106.52
6404.07,26,18053,1126.25
6414.24,26,18053,1116.08
6414.24,25,17628,1107.05
6420,25,17628,1101.29
6420,25,17628,1145.85
6420,25,17628,1145.85
6420.42,25,17628,1145.43
6420.42,26,18560,1189.81
6426,26,18560,1184.23
6426,27,18744,1192.99
6441.22,27,18744,1177.77
6441.22,26,16952,1148.97
6441.22,25,16144,1120.17
6446.34,25,16144,1115.04
6446.34,26,16400,1127.24
6451.52,26,16400,1122.06
6451.52,26,16400,1121.8
6457.71,26,16400,1115.9
6457.71,27,16554,1123.24
6467.24,27,16554,1114.16
6467.24,25,15565,1167.81
6467.82,25,15565,1167.23
6467.82,26,15719,1174.56
6479.82,26,15719,1162.57
6479.82,27,15873,1169.9
6480,27,15873,1169.72
6480,27,15873,1121.35
6480,27,15873,1121.35
6496,27,15873,1105.35
6496,26,15448,1096.32
6497.48,26,15448,1094.84
6497.48,27,15602,1101.84
6503.17,27,15602,1096.15
6503.17,25,13002,1022.6
6509.51,25,13002,1016.26
6509.51,24,12568,1009.34
6511.89,24,12568,1006.96
6511.89,25,13002,1026.69
6527.12,25,13002,1011.46
6527.12,26,13427,1030.78
6537.49,26,13427,1020.41
6537.49,27,13861,1040.14
6540,27,13861,1037.63
6540,27,13861,1037.63
6540,27,13861,1037.63
6551.69,27,13861,1025.94
6551.69,28,14669,1062.67
6559.36,28,14669,1055
6559.36,27,14235,1035.25
6573.66,27,14235,1020.95
6573.66,28,14491,1032.58
6574.56,28,14491,1031.68
6574.56,29,14645,1038.68
6588.16,29,14645,1025.08
6588.16,30,14829,1033.45
6595.62,30,14829,1025.99
6595.62,31,15013,1034.36
6600,31,15013,1029.97
6600,31,15013,1073
6600,31,15013,1073
6601.37,31,15013,1071.62
6601.37,30,14737,1085.44
6604.01,30,14737,1082.8
6604.01,31,15417,1115.18
6605.37,31,15417,1113.82
6605.37,30,14805,1101.44
6615.71,30,14805,1091.1
6615.71,31,15230,1111.34
6626.39,31,15230,1100.66
6626.39,32,17022,1185.99
6633.88,32,17022,1178.5
6633.88,33,18814,1263.83
6646.25,33,18814,1251.46
6646.25,34,19399,1279.32
6650.46,34,19399,1275.11
6650.46,33,19245,1271.49
6653.81,33,19245,1268.14
6653.81,32,19101,1239.33
6656.29,32,19101,1236.85
6656.29,31,18947,1227.4
6656.56,31,18947,1227.14
6656.56,31,18947,1227.14
6660,31,18947,1223.7
6660,31,18947,1223.7
6660,31,18947,1223.7
6660.42,31,18947,1223.27
6660.42,30,18763,1217.04
6664.98,30,18763,1212.49
6664.98,31,18907,1219.35
6686.9,31,18907,1197.42
6686.9,30,18763,1191.18
6693.06,30,18763,1185.03
6693.06,29,18487,1172.59
6693.51,29,18487,1172.13
6693.51,29,18487,1165.9
6694.23,29,18487,1165.26
6694.23,28,18333,1158.35
6697.05,28,18333,1155.8
6697.05,27,18057,1143.42
6700.31,27,18057,1140.47
6700.31,27,18057,1133.23
6701.04,27,18057,1132.63
6701.04,26,16889,1103.11
6703.82,26,16889,1100.33
6703.82,27,17697,1138.81
6707.02,27,17697,1135.61
6707.02,26,16889,1169.3
6717.07,26,16889,1159.25
6717.07,27,17033,1166.1
6720,27,17033,1163.18
6720,27,17033,1117.44
6720,27,17033,1117.44
6730.25,27,17033,1107.19
6730.25,28,17187,1114.19
6738.91,28,17187,1105.54
6738.91,29,17371,1113.9
6738.97,29,17371,1113.84
6738.97,29,17371,1110.86
6744.8,29,17371,1105.29
6744.8,28,15579,1057.59
6752.61,28,15579,1049.78
6752.61,29,15983,1068.15
6767.07,29,15983,1053.68
6767.07,30,16058,1057.09
6768.97,30,16058,1055.19
6768.97,29,15250,1024.26
6775.99,29,15250,1017.24
6775.99,28,15096,1010.65
6776.81,28,15096,1009.84
6776.81,29,15530,1029.57
6780,29,15530,1026.37
6780,29,15530,1026.37
6780,29,15530,1026.37
6781.75,29,15530,1024.62
6781.75,26,14062,1037.79
6782.74,26,14062,1036.8
6782.74,25,13908,1033.83
6790.3,25,13908,1026.26
6790.3,26,14312,1044.62
6797.93,26,14312,1036.99
6797.93,27,15244,1079.36
6817.68,27,15244,1059.6
6817.69,25,14376,1047.77
6820.61,25,14376,1044.85
6820.61,26,14451,1048.26
6834.53,26,14451,1034.33
6834.53,27,14595,1040.88
6838.16,27,14595,1037.25
6838.16,28,14670,1040.66
6840,28,14670,1038.82
6840,28,14670,1064.61
6840,28,14670,1064.61
6843.83,28,14670,1060.78
6843.83,27,14236,1054.5
6844.95,27,14236,1053.38
6844.95,28,14640,1072.62
6853.72,28,14640,1063.85
6853.72,27,14486,1054.4
6854.88,27,14486,1053.24
6854.88,28,14814,1068.86
6864.5,28,14814,1059.24
6864.5,27,14739,1056.12
6865,27,14739,1055.62
6865,28,15143,1074.86
6871.16,28,15143,1068.7
6871.16,29,15287,1075.56
6871.25,29,15287,1075.47
6871.25,28,15212,1072.35
6871.52,28,15212,1072.08
6871.52,27,15137,1071.82
6873.76,27,15137,1069.58
6873.76,27,15137,1066.45
6880.5,27,15137,1060.02
6880.5,26,14881,1056.89
6880.78,26,14881,1056.62
6880.78,26,14881,1053.49
6887.27,26,14881,1047.3
6887.27,27,15209,1062.92
6896.07,27,15209,1054.54
6896.07,28,17001,1139.87
6900,28,17001,1136.13
6900,28,17001,1104.36
6900,28,17001,1104.36
6906.45,28,17001,1098.21
6906.45,29,18793,1179.66
6918.17,29,18793,1168.47
6918.17,30,19218,1187.79
6933.03,30,19218,1173.61
6933.03,31,21794,1290.7
6937.85,31,21794,1286.09
6937.85,31,21794,1289.5
6942.23,31,21794,1285.13
6942.23,31,21794,1282.15
6942.58,31,21794,1281.81
6942.58,30,21360,1275.82
6944.49,30,21360,1274
6944.49,30,21360,1281
6947.11,30,21360,1278.38
6947.11,30,21360,1275.39
6955.79,30,21360,1267.1
6955.79,31,21972,1294.92
6958.63,31,21972,1292.21
6958.64,30,21538,1285.3
6958.64,29,21282,1278.38
6960,29,21282,1277.08
6960,29,21282,1228.38
6960,29,21282,1228.38
6966.5,29,21282,1222.16
6966.5,30,23074,1300.07
6972.82,30,23074,1294.03
6972.82,29,22890,1282.02
6981.18,29,22890,1274.02
6981.18,30,23074,1282.02
6984.78,30,23074,1278.57
6984.78,29,22890,1271.96
6992.29,29,22890,1264.78
6992.29,30,23324,1283.64
6999.3,30,23324,1276.94
6999.3,29,23180,1271.25
7005.91,29,23180,1264.93
7005.91,30,24112,1305.45
7005.91,30,24112,1305.45
7005.91,29,23928,1299.76
7008.27,29,23928,1297.5
7008.27,30,25720,1375.41
7011.26,30,25720,1372.55
7011.26,29,25576,1366.85
7014.07,29,25576,1364.17
7014.07,30,25720,1370.43
7016.59,30,25720,1368.01
7016.59,31,26145,1386.49
7017.87,31,26145,1385.27
7017.87,30,26001,1379.58
7020,30,26001,1377.55
7020,30,26001,1279.9
7020,30,26001,1279.9
7020.71,30,26001,1279.22
7020.72,29,25817,1273.94
7024.48,29,25817,1270.33
7024.48,28,25673,1265.1
7029.25,28,25673,1260.52
7029.25,29,26841,1307.24
7031.09,29,26841,1305.47
7031.09,29,26841,1300.24
7032.39,29,26841,1299.1
7032.39,28,26437,1293.86
7033,28,26437,1293.27
7033,27,26012,1290.65
7034.77,27,26012,1288.95
7034.77,27,26012,1277.89
7034.81,27,26012,1277.86
7034.81,26,25608,1253.67
7045.1,26,25608,1243.78
7045.1,27,26416,1276.1
7047.2,27,26416,1274.1
7047.2,27,26416,1268.85
7047.55,27,26416,1268.54
7047.55,26,26012,1257.48
7063.27,26,26012,1242.39
7063.27,27,26156,1248.15
7068.32,27,26156,1243.31
7068.32,26,25828,1232.9
7070.74,26,25828,1230.57
7070.74,25,25500,1220.16
7077.33,25,25500,1213.83
7077.33,26,25654,1219.99
7080,26,25654,1217.43
7080,26,25654,1217.43
7080,26,25654,1217.43
7083.48,26,25654,1214.09
7083.48,25,25510,1203.68
7083.53,25,25510,1203.63
7083.53,25,25510,1197.55
7085,25,25510,1196.37
7085,25,25510,1185.92
7087.42,25,25510,1184.38
7087.42,25,25510,1173.92
7090.09,25,25510,1172.64
7090.09,25,25510,1167.41
7096.76,25,25510,1164.74
7096.76,23,23869,1129.19
7098.01,23,23869,1127.94
7098.01,24,24013,1133.7
7099.58,24,24013,1132.13
7099.59,23,23869,1126.04
7106.05,23,23869,1119.58
7106.05,24,24303,1136.94
7106.19,24,24303,1136.8
7106.19,24,24303,1131.56
7107.11,24,24303,1130.72
7107.11,19,18299,1074.82
7111.52,19,18299,1070.41
7111.52,18,17714,1079.11
7126.07,18,17714,1064.56
7126.07,19,17990,1075.6
7126.4,19,17990,1075.27
7126.4,16,15816,1038.09
7132.06,16,15816,1032.42
7132.06,17,16624,1064.74
7136.52,17,16624,1060.29
7136.52,18,17209,1083.69
7139.5,18,17209,1080.71
7139.5,19,18017,1113.03
7140,19,18017,1112.53
7140,19,18017,1150.41
7140,19,18017,1150.41
7155.97,19,18017,1134.43
7155.97,20,18171,1140.85
7171.52,20,18171,1125.3
7171.52,19,16379,1124.85
7186.39,19,16379,1109.98
7186.39,20,16813,1128.06
7191.75,20,16813,1122.7
7191.75,21,17621,1156.37
7200,21,17621,1148.12
7200,21,17621,1107.93
7200,21,17621,1107.93
7217.97,21,17621,1089.95
7217.97,22,18233,1114.43
7227.07,22,18233,1105.34
7227.07,23,19041,1137.66
7235.41,23,19041,1129.32
7235.41,24,19185,1135.08
7250.3,24,19185,1120.19
7250.3,25,19339,1126.35
7259.05,25,19339,1117.6
7259.05,24,18935,1160.15
7260,24,18935,1159.2
7260,24,18935,1159.2
7260,24,18935,1159.2
7261.94,24,18935,1157.26
7261.94,25,19079,1163.02
7267.35,25,19079,1157.61
7267.35,24,17287,1096.84
7276.76,24,17287,1087.44
7276.76,25,18095,1119.76
7278.34,25,18095,1118.17
7278.34,22,17082,1191.24
7279.32,22,17082,1190.27
7279.32,23,18874,1261.95
7285.85,23,18874,1255.41
7285.85,24,19299,1272.41
7287.76,24,19299,1270.51
7287.76,25,19703,1286.67
7294.98,25,19703,1279.45
7294.98,24,19091,1269.03
7300.56,24,19091,1263.45
7300.56,25,19245,1269.61
7308.77,25,19245,1261.4
7308.77,26,19389,1267.16
7312.99,26,19389,1262.95
7312.99,25,19235,1257.14
7320,25,19235,1250.13
7320,25,19235,1250.13
7320,25,19235,1250.13
7320.64,25,19235,1249.49
7320.64,26,20147,1285.97
7334.29,26,20147,1272.33
7334.29,27,20572,1289.33
7338.39,27,20572,1285.22
7338.39,26,20138,1261.03
7347.25,26,20138,1252.18
7347.25,27,20723,1275.58
7357.91,27,20723,1264.91
7357.91,28,20999,1275.95
7366.85,28,20999,1267.01
7366.85,27,20845,1264.39
7372.91,27,20845,1258.33
7372.91,26,20411,1247.28
7376.75,26,20411,1243.43
7376.75,25,20257,1237.63
7379.71,25,20257,1234.67
7379.71,26,20869,1259.15
7380,26,20869,1258.87
7380,26,20869,1216.49
7380,26,20869,1216.49
7382.67,26,20869,1213.82
7382.67,25,20593,1203.77
7385.34,25,20593,1201.1
7385.34,26,20747,1207.02
7386.66,26,20747,1205.7
7386.66,25,20135,1195.7
7392.2,25,20135,1190.16
7392.2,24,19991,1179.53
7392.77,24,19991,1178.96
7392.77,25,20247,1188.81
7395.05,25,20247,1186.53
7395.05,26,20681,1203.22
7398.81,26,20681,1199.46
7398.81,25,20537,1194.43
7401.5,25,20537,1191.74
7401.5,24,20383,1189.22
7405.42,24,20383,1185.3
7405.42,23,20239,1180.27
7412.03,23,20239,1173.66
7412.03,22,19983,1168.63
7417.2,22,19983,1163.46
7417.2,23,20417,1180.15
7419.29,23,20417,1178.06
7419.29,23,20417,1172.21
7429.34,23,20417,1162.94
7429.34,24,21002,1185.44
7440,24,21002,1175.59
7440,24,21002,1175.59
7440,24,21002,1175.59
7451.56,24,21002,1164.92
7451.56,25,21427,1181.27
7455.36,25,21427,1177.76
7455.36,25,21427,1175.24
7465.26,25,21427,1166.48
7465.26,24,21023,1163.96
7471.82,24,21023,1157.4
7471.82,25,21177,1163.33
7474.11,25,21177,1161.04
7474.11,25,21177,1155.97
7474.35,25,21177,1155.75
7474.35,24,20901,1145.7
7478.35,24,20901,1142.01
7478.35,24,20901,1132.01
7479.34,24,20901,1131.24
7479.34,24,20901,1125.39
7483.86,24,20901,1122.26
7483.86,25,21326,1138.61
7490.01,25,21326,1134.35
7490.01,25,21326,1131.84
7497.57,25,21326,1126.89
7497.57,26,21911,1149.39
7498,26,21911,1149.11
7498,26,21911,1141.48
7500,26,21911,1140.25
7500,26,21911,1177.72
7500,26,21911,1177.72
7501.19,26,21911,1177.01
7501.19,26,21911,1166.59
7503.1,26,21911,1165.75
7503.1,27,23127,1214.39
7513.86,27,23127,1209.66
7513.86,26,20551,1172.22
7522.65,26,20551,1163.43
7522.65,27,20735,1170.79
7531.52,27,20735,1161.92
7531.52,26,20310,1161.7
7532.6,26,20310,1160.62
7532.6,27,20638,1173.74
7553.84,27,20638,1152.5
7553.84,28,21072,1169.86
7558.04,28,21072,1165.65
7558.04,29,21147,1168.65
7558.33,29,21147,1168.36
7558.33,29,21147,1168.36
7560,29,21147,1166.7
7560,29,21147,1166.7
7560,29,21147,1166.7
7564.43,29,21147,1162.26
7564.43,29,21147,1162.26
7580.83,29,21147,1145.87
7580.83,30,21331,1153.23
7596.77,30,21331,1137.29
7596.77,31,21475,1143.05
7602.36,31,21475,1137.46
7602.36,32,21751,1148.5
7609.42,32,21751,1141.44
7609.42,28,16067,1060.2
7619.19,28,16067,1050.43
7619.19,29,16142,1053.43
7620,29,16142,1052.62
7620,29,16142,1052.62
7620,29,16142,1052.62
7627.32,29,16142,1045.29
7627.32,30,16576,1062.65
7636.17,30,16576,1053.81
7636.17,31,17508,1091.09
7646.4,31,17508,1080.86
7646.4,32,17933,1097.86
7658.39,32,17933,1085.87
7658.39,33,19697,1156.43
7662.81,33,19697,1152
7662.81,34,20309,1176.48
7671.96,34,20309,1167.33
7671.96,35,20453,1173.09
7680,35,20453,1165.06
7680,35,20453,1193.62
7680,35,20453,1210.46
7683.65,35,20453,1206.81
7683.65,36,20857,1223.64
7690.13,36,20857,1217.16
7690.13,32,17848,1198.12
7696.23,32,17848,1192.02
7696.23,32,17848,1192.02
7700.7,32,17848,1187.55
7700.7,31,17040,1162.35
7700.7,30,16232,1137.15
7704.12,30,16232,1133.73
7704.12,31,17996,1207.23
7710.23,31,17996,1201.11
7710.23,32,18180,1208.78
7720.87,32,18180,1198.14
7720.87,33,18334,1204.56
7732.54,33,18334,1192.89
7732.54,34,18488,1199.31
7740,34,18488,1191.85
7740,34,18488,1191.85
7740,34,18488,1191.85
7740.06,34,18488,1191.79
7740.06,35,18672,1199.46
7760.47,35,18672,1179.04
7760.47,36,19106,1197.12
7761.36,36,19106,1196.24
7761.36,34,16506,1166.77
7765.11,34,16506,1163.02
7765.11,32,15927,1158.11
7770.09,32,15927,1153.13
7770.09,33,16111,1160.79
7776.36,33,16111,1154.52
7776.36,34,16439,1168.19
7782.88,34,16439,1161.68
7782.88,35,17351,1199.68
7800,35,17351,1182.55
7800,35,17351,1182.55
7800,35,17351,1182.55
7807.76,35,17351,1174.79
7807.76,36,17627,1186.29
7811.51,36,17627,1182.54
7811.51,35,17552,1176.5
7817.76,35,17552,1170.25
7817.76,36,18360,1203.92
7820.77,36,18360,1200.91
7820.77,35,18285,1198.17
7824.03,35,18285,1194.9
7824.03,36,18613,1208.57
7830.02,36,18613,1202.58
7830.02,35,18459,1199.84
7830.28,35,18459,1199.58
7830.28,36,18863,1216.41
7836.81,36,18863,1209.89
7836.81,37,19119,1220.55
7853.62,37,19119,1203.74
7853.62,36,18965,1201.02
7855.42,36,18965,1199.22
7855.42,37,19390,1216.93
7860,37,19390,1212.34
7860,37,19390,1212.34
7860,37,19390,1212.34
7860.94,37,19390,1211.4
7860.94,36,18956,1186.2
7868.44,36,18956,1178.7
7868.44,37,19110,1185.12
7873.57,37,19110,1179.99
7873.57,38,19438,1193.65
7885.02,38,19438,1182.21
7885.02,39,21230,1256.87
7902.56,39,21230,1239.33
7902.56,40,23022,1314
7906.52,40,23022,1310.04
7906.52,41,23206,1317.7
7918.53,41,23206,1305.69
7918.53,40,22781,1302.96
7919.58,40,22781,1301.91
7919.58,41,23997,1352.58
7920,41,23997,1352.16
7920,41,23997,1304.36
7920,41,23997,1304.36
7942.13,41,23997,1282.23
7942.13,40,23412,1279.61
7942.95,40,23412,1278.78
7942.95,41,24024,1303.26
7948.74,41,24024,1297.48
7948.74,42,25788,1368.04
7955.93,42,25788,1360.85
7955.93,41,25604,1349.79
7955.93,39,24835,1327.68
7961.82,39,24835,1322.03
7961.82,40,25091,1332.27
7966.5,40,25091,1327.77
7966.5,39,24947,1316.72
7966.5,37,24378,1305.66
7967.99,37,24378,1304.17
7967.99,38,24963,1327.57
7973.11,38,24963,1322.45
7973.11,38,24963,1317.22
7973.11,37,24687,1311.99
7977.1,37,24687,1308
7977.1,36,24411,1297.6
7980,36,24411,1294.7
7980,36,24411,1210.42
7980,36,24411,1210.42
7981.09,36,24411,1209.33
7981.09,36,24411,1199.7
7982.28,36,24411,1198.69
7982.28,37,24595,1205.5
7982.41,37,24595,1205.39
7982.41,37,24595,1200.54
7982.41,36,23683,1184.58
7996.85,36,23683,1170.13
7996.85,37,24117,1186.21
8001.89,37,24117,1181.17
8001.89,36,23933,1175.53
8022.62,36,23933,1154.81
8022.62,37,24533,1177.03
8024.96,37,24533,1174.69
8024.96,38,24687,1180.39
8027.16,38,24687,1178.19
8027.16,38,24687,1167.96
8028.37,38,24687,1166.83
8028.37,37,24075,1155.39
8031.21,37,24075,1152.55
8031.21,33,22303,1162.19
8037.65,33,22303,1155.75
8037.65,34,22915,1178.42
8040,34,22915,1176.07
8040,34,22915,1176.07
8040,34,22915,1176.07
8045.1,34,22915,1170.97
8045.1,33,22761,1165.6
8047.89,33,22761,1162.81
8047.89,31,21893,1153.13
8048.1,31,21893,1152.92
8048.1,32,22805,1186.7
8059.93,32,22805,1174.87
8059.93,33,23230,1190.61
8065.63,33,23230,1184.91
8065.63,34,23305,1187.69
8071.52,34,23305,1181.8
8071.52,33,23151,1181.6
8074.42,33,23151,1178.7
8074.42,34,23555,1193.66
8075.92,34,23555,1192.15
8075.92,35,24167,1214.82
8076.61,35,24167,1214.14
8076.61,34,24092,1206.78
8085.86,34,24092,1197.53
8085.86,34,24092,1195.09
8087.46,34,24092,1193.55
8087.46,35,25856,1258.89
8092.9,35,25856,1253.65
8092.9,36,27620,1318.98
8100,36,27620,1312.15
8100,36,27620,1312.15
8100,36,27620,1312.15
8110.88,36,27620,1301.67
8110.88,37,28220,1323.89
8116.06,37,28220,1318.9
8116.06,36,27608,1309.23
8123.67,36,27608,1301.9
8123.67,37,27752,1307.24
8131.52,37,27752,1299.68
8131.52,36,27568,1299.27
8133.61,36,27568,1297.26
8133.61,35,27384,1294.83
8135.6,35,27384,1292.84
8135.6,36,27996,1315.5
8151.6,36,27996,1299.51
8151.6,37,29760,1364.84
8158,37,29760,1358.44
8158,36,29504,1353.59
8160,36,29504,1351.59
8160,36,29504,1308.92
8160,36,29504,1308.92
8160.03,36,29504,1308.89
8160.03,36,29504,1306.56
8160.09,36,29504,1306.5
8160.09,35,29320,1301.82
8163.26,35,29320,1298.76
8163.26,36,30128,1327.62
8168.75,36,30128,1322.32
8168.75,37,32320,1400.61
8172.16,37,32320,1397.32
8172.16,36,32064,1391.89
8179.35,36,32064,1384.96
8179.35,37,32498,1400.46
8186.57,37,32498,1393.49
8186.57,36,32314,1388.81
8188.14,36,32314,1387.3
8188.14,37,34506,1465.59
8188.84,37,34506,1464.91
8188.84,36,34362,1459.48
8188.84,36,34362,1454.04
8195.45,36,34362,1448.14
8195.45,35,33958,1443.47
8196.29,35,33958,1442.67
8196.29,36,34362,1457.1
8198.52,36,34362,1454.94
8198.52,36,34362,1449.76
8203.01,36,34362,1445.6
8203.01,35,34034,1423.99
8203.01,35,34034,1402.39
8203.75,35,34034,1401.7
8203.75,34,33706,1392.37
8213.05,34,33706,1383.74
8213.05,33,33378,1379.06
8216.37,33,33378,1375.74
8216.37,34,33532,1381.24
8219.69,34,33532,1377.92
8219.69,32,32682,1368.59
8220,32,32682,1368.3
8220,32,32682,1287.55
8220,32,32682,1287.55
8220.08,32,32682,1287.47
8220.08,32,32682,1283.08
8220.44,32,32682,1282.77
8220.44,31,32082,1274.06
8228.25,31,32082,1266.25
8228.25,32,33014,1297.31
8229.74,32,33014,1295.83
8229.74,32,33014,1287.12
8230,32,33014,1286.89
8230,32,33014,1269.44
8231.38,32,33014,1268.61
8231.38,31,31798,1250.47
8234.24,31,31798,1247.61
8234.24,30,31364,1243.22
8241.73,30,31364,1235.73
8241.73,26,26500,1200.04
8242.2,26,26500,1199.57
8242.2,27,26904,1213.04
8246.49,27,26904,1208.75
8246.49,27,26904,1203.92
8253.18,27,26904,1197.45
8253.18,27,26904,1199.95
8262.44,27,26904,1190.69
8262.44,27,26904,1188.5
8266.33,27,26904,1184.73
8266.33,28,27836,1215.8
8277.66,28,27836,1204.85
8277.66,28,27836,1196.18
8280,28,27836,1194.23
8280,28,27836,1194.23
8280,28,27836,1194.23
8285.11,28,27836,1189.97
8285.11,29,28270,1204.43
8309.62,29,28270,1184.01
8309.62,30,28526,1192.54
8310.01,30,28526,1192.22
8310.01,31,28782,1200.75
8311.2,31,28782,1199.76
8311.2,31,28782,1194.93
8311.52,31,28782,1194.67
8311.52,31,28782,1194.49
8328.61,31,28782,1181.39
8328.61,30,27870,1171.3
8334.64,30,27870,1165.27
8334.64,31,28482,1185.67
8340,31,28482,1180.31
8340,31,28482,1217.47
8340,31,28482,1217.47
8342.41,31,28482,1215.07
8342.41,31,28482,1208.22
8354.04,31,28482,1196.99
8354.04,32,28886,1210.92
8354.95,32,28886,1210.04
8354.95,31,28078,1223.12
8366.71,31,28078,1211.76
8366.71,32,28886,1239.63
8371.52,32,28886,1234.98
8371.52,30,26509,1234.6
8375.19,30,26509,1230.93
8375.19,29,24717,1205.83
8377.41,29,24717,1203.61
8377.41,26,23246,1187.87
8378.24,26,23246,1187.04
8378.24,27,25010,1247.86
8383.51,27,25010,1242.6
8383.51,27,25010,1242.6
8388.49,27,25010,1237.61
8388.49,28,25414,1251.54
8389.79,28,25414,1250.25
8389.79,29,25848,1265.21
8393.67,29,25848,1261.33
8393.67,28,25236,1250.15
8400,28,25236,1243.82
8400,28,25236,1243.82
8400,28,25236,1243.82
8405.56,28,25236,1238.26
8405.56,29,25420,1244.6
8417.69,29,25420,1232.48
8417.69,28,25266,1225.63
8418.55,28,25266,1224.77
8418.55,29,25522,1233.6
8428.34,29,25522,1223.81
8428.34,30,25706,1230.15
8439.15,30,25706,1219.34
8439.15,31,25890,1225.69
8458.89,31,25890,1205.94
8458.89,32,26315,1220.6
8460,32,26315,1219.49
8460,32,26315,1219.49
8460,32,26315,1219.49
8465.1,32,26315,1214.39
8465.1,31,25911,1205.38
8469.01,31,25911,1201.47
8469.01,32,26187,1210.99
8471.68,32,26187,1208.33
8471.68,33,26995,1236.19
8473.58,33,26995,1234.29
8473.58,34,27429,1249.25
8481.36,34,27429,1241.47
8481.36,33,26817,1232.46
8489.99,33,26817,1223.83
8489.99,34,27402,1244
8499.68,34,27402,1234.31
8499.68,33,26977,1229.31
8499.68,32,26392,1224.31
8501.03,32,26392,1222.96
8501.03,31,25780,1213.99
8506.2,31,25780,1208.82
8506.2,31,25780,1206.56
8507.72,31,25780,1205.09
8507.72,32,26056,1214.61
8518.36,32,26056,1204.34
8518.36,31,25248,1199.09
8520,31,25248,1197.51
8520,31,25248,1231.75
8520,31,25248,1240.28
8526.1,31,25248,1234.18
8526.1,31,25248,1234.18
8526.6,31,25248,1233.68
8526.6,32,27040,1297.68
8532.26,32,27040,1292.02
8532.26,31,26636,1270.52
8532.26,30,26232,1249.02
8544.36,30,26232,1236.92
8544.36,31,26560,1248.64
8551.9,31,26560,1241.1
8551.9,32,26744,1247.67
8556.92,32,26744,1242.65
8556.92,33,27000,1251.79
8568.19,33,27000,1240.52
8568.19,32,26724,1231.23
8568.19,31,26448,1221.93
8569.05,31,26448,1221.07
8569.05,30,26120,1211.74
8571.7,30,26120,1209.09
8571.7,31,26304,1215.66
8572.18,31,26304,1215.18
8572.18,31,26304,1205.89
8572.18,30,25704,1196.61
8580,30,25704,1188.79
8580,30,25704,1188.79
8580,30,25704,1188.79
8581.75,30,25704,1187.04
8581.75,30,25704,1168.34
8585.73,30,25704,1165.5
8585.73,30,25704,1156.17
8588.72,30,25704,1154.46
8588.72,29,24488,1164.7
8588.89,29,24488,1164.53
8588.89,30,25073,1185.43
8599.07,30,25073,1175.25
8599.07,27,20633,1137.73
8604.68,27,20633,1132.12
8604.68,28,21058,1147.3
8620.25,28,21058,1131.73
8620.25,29,22850,1195.73
8620.75,29,22850,1195.23
8620.75,28,22666,1185.36
8640,28,22666,1166.11
8640,28,22666,1166.11
8640,28,22666,1166.11
8647.23,28,22666,1158.88
8647.23,28,22666,1154.2
8647.87,28,22666,1153.61
8647.87,25,18704,1150.26
8648.15,25,18704,1149.98
8648.15,26,18779,1152.66
8656.21,26,18779,1144.6
8656.21,27,19711,1177.88
8657.4,27,19711,1176.69
8657.4,26,19126,1171.52
8669.09,26,19126,1159.83
8669.09,27,19270,1164.97
8678.24,27,19270,1155.82
8678.24,28,19424,1161.32
8684.49,28,19424,1155.07
8684.49,29,19568,1160.21
8700,29,19568,1144.7
8700,29,19568,1164.35
8700,29,19568,1180.99
8701.44,29,19568,1179.56
8701.44,30,19752,1186.37
8729.73,30,19752,1158.07
8729.73,31,20560,1188
8748.62,31,20560,1169.11
8748.62,32,20744,1175.93
8758,32,20744,1166.55
8758,31,20319,1159.19
8758.37,31,20319,1158.83
8758.37,32,20723,1173.79
8760,32,20723,1172.16
8760,32,20723,1134.04
8760,32,20723,1134.04
8771.22,32,20723,1122.82
8771.22,33,21655,1156.1
8779.67,33,21655,1147.65
8779.67,32,21580,1142.47
8784.16,32,21580,1137.99
8784.16,31,21146,1128.12
8786.65,31,21146,1125.63
8786.65,32,21300,1131.13
8788.82,32,21300,1128.96
8788.82,31,21044,1123.53
8788.93,31,21044,1123.41
8788.93,30,20890,1121.07
8805.8,30,20890,1104.19
8805.8,31,20965,1106.87
8818.24,31,20965,1094.43
8818.24,32,21221,1103.58
8820,32,21221,1101.82
8820,32,21221,1101.82
8820,32,21221,1101.82
8828.61,32,21221,1093.2
8828.61,33,21625,1107.63
8842.97,33,21625,1093.28
8842.97,34,21809,1099.85
8850.9,34,21809,1091.92
8850.9,33,21553,1087.21
8853.77,33,21553,1084.34
8853.77,34,23317,1147.34
8875.07,34,23317,1126.03
8875.07,35,23645,1137.75
8877.44,35,23645,1135.38
8877.44,34,23491,1133.04
8880,34,23491,1130.48
8880,34,23491,1156.28
8880,34,23491,1168.69
8886.16,34,23491,1162.53
8886.16,33,23416,1155.18
8889.6,33,23416,1151.74
8889.6,32,23012,1129.45
8889.6,31,22608,1107.16
8893.48,31,22608,1103.28
8893.48,32,22752,1108.61
8895.42,32,22752,1106.67
8895.42,32,22752,1104.23
8901.57,32,22752,1098.31
8901.57,33,23186,1114.39
8912.98,33,23186,1103.4
8912.98,32,23042,1100.96
8913.65,32,23042,1100.29
8913.65,33,23298,1109.77
8919.08,33,23298,1104.34
8919.08,33,23298,1104.34
8919.59,33,23298,1103.83
8919.59,33,23298,1098.99
8924.36,33,23298,1094.57
8924.36,34,25090,1160.94
8925.11,34,25090,1160.24
8925.11,33,24282,1154.61
8925.14,33,24282,1154.58
8925.14,33,24282,1157.36
8925.53,33,24282,1156.98
8925.53,33,24282,1147.34
8925.53,32,22090,1137.7
8932.23,32,22090,1131.26
8932.23,33,23882,1197.63
8934.4,33,23882,1195.53
8934.4,32,23448,1193.1
8938.4,32,23448,1189.1
8938.4,30,23008,1166.81
8938.4,28,22640,1144.52
8940,28,22640,1142.91
8940,28,22640,1142.91
8940,28,22640,1142.91
8945.27,28,22640,1137.64
8945.27,29,23065,1153.38
8961.11,29,23065,1137.55
8961.11,30,23321,1147.03
8964.62,30,23321,1143.52
8964.62,31,25033,1206.93
8964.88,31,25033,1206.67
8964.88,30,24849,1201.81
8964.88,28,24521,1192.11
8965.11,28,24521,1191.87
8965.11,27,24377,1169.47
8965.95,27,24377,1168.63
8965.95,27,24377,1166.21
8968.78,27,24377,1163.48
8968.78,26,23952,1141.08
8971.49,26,23952,1138.58
8971.49,25,23624,1133.73
8971.72,25,23624,1133.5
8971.72,24,22816,1128.66
8972.14,24,22816,1128.24
8972.14,25,23624,1158.17
8987.81,25,23624,1142.49
8987.81,26,25416,1208.86
8988.17,26,25416,1208.5
8988.17,26,25416,1198.82
8991.36,26,25416,1196.11
8991.36,26,25416,1191.25
8991.36,25,23224,1139.73
9000,25,23224,1131.09
9000,25,23224,1096.31
9000,25,23224,1096.31
9000.48,25,23224,1095.83
9000.48,24,22968,1091.12
9007.48,24,22968,1084.12
9007.48,25,23043,1086.79
9022.23,25,23043,1072.05
9022.23,26,23118,1074.73
9032.28,26,23118,1064.68
9032.28,27,23394,1074.54
9037.99,27,23394,1068.82
9037.99,26,23319,1063.64
9043.88,26,23319,1057.75
9043.88,25,23244,1050.66
9045.44,25,23244,1049.1
9045.44,26,24052,1077.96
9047.25,26,24052,1076.15
9047.25,26,24052,1073.8
9053.14,26,24052,1068.12
9053.14,26,24052,1065.78
9053.96,26,24052,1065.01
9053.96,27,24637,1085.91
9060,27,24637,1080.3
9060,27,24637,1080.3
9060,27,24637,1080.3
9062.56,27,24637,1077.92
9062.56,26,23705,1073.21
9068.48,26,23705,1067.29
9068.48,27,23961,1076.43
9071.58,27,23961,1073.33
9071.58,28,24145,1079.9
9075.35,28,24145,1076.14
9075.35,27,23711,1070.7
9088.5,27,23711,1057.56
9088.5,28,24296,1078.45
9095.54,28,24296,1071.4
9095.54,29,24730,1086.9
9101.65,29,24730,1080.8
9101.65,30,25342,1102.65
9104.61,30,25342,1099.69
9104.61,28,23798,1102.29
9113.31,28,23798,1093.58
9113.31,29,24606,1122.44
9120,29,24606,1115.75
9120,29,24606,1115.75
9120,29,24606,1115.75
9131.89,29,24606,1103.86
9131.89,30,25206,1125.29
9151.52,30,25206,1105.66
9151.52,30,25206,1105.47
9156.54,30,25206,1100.63
9156.54,31,25482,1110.48
9165.3,31,25482,1102.03
9165.3,32,26082,1123.46
9170.44,32,26082,1118.51
9170.44,29,20734,1061.67
9180,29,20734,1052.46
9180,29,20734,1021.58
9180,29,20734,1021.58
9181.9,29,20734,1019.74
9181.9,30,21319,1039.92
9190.91,30,21319,1031.22
9190.91,29,20511,1021.69
9192.3,29,20511,1020.34
9192.3,28,19579,985.542
9202.2,28,19579,975.987
9202.2,29,19983,989.918
9214.5,29,19983,978.041
9214.5,27,19214,974.446
9216.3,27,19214,972.769
9216.3,26,18810,985.731
9223.19,26,18810,978.839
9223.19,27,19618,1006.7
9227.95,27,19618,1001.94
9227.95,28,20052,1016.91
9237.52,28,20052,1007.34
9237.52,28,20052,997.808
9238.3,28,20052,997.085
9238.3,29,20860,1024.95
9240,29,20860,1023.36
9240,29,20860,1023.36
9240,29,20860,1023.36
9240.98,29,20860,1022.45
9240.98,28,19928,994.62
9245.35,28,19928,990.248
9245.35,29,20362,1005.21
9248.77,29,20362,1001.8
9248.77,28,19777,996.795
9250.7,28,19777,994.862
9250.7,29,20362,1015.03
9252.23,29,20362,1013.51
9252.23,27,19922,1009.63
9256.55,27,19922,1005.32
9256.55,26,19518,1041.03
9270.73,26,19518,1026.85
9270.73,27,19662,1031.81
9278.71,27,19662,1023.83
9278.71,26,19228,1019.32
9286.24,26,19228,1011.79
9286.24,27,19303,1014.37
9292.48,27,19303,1008.13
9292.48,26,17539,947.157
9300,26,17539,939.639
9300,26,17539,939.639
9300,26,17539,939.639
9303.11,26,17539,936.525
9303.11,27,17693,941.835
9314.31,27,17693,930.638
9314.31,26,17437,976.989
9317.51,26,17437,973.787
9317.51,27,18245,1003.71
9330.75,27,18245,990.475
9330.75,28,18670,1005.14
9331.52,28,18670,1004.37
9331.52,27,18595,1004.18
9337.91,27,18595,997.783
9337.91,28,19527,1029.92
9340.78,28,19527,1027.06
9340.78,28,19527,1024.79
9344.24,28,19527,1021.45
9344.24,26,15943,957.301
9354.4,26,15943,947.493
9354.4,27,16377,962.458
9360,27,16377,957.05
9360,27,16377,957.05
9360,27,16377,957.05
9376.39,27,16377,941.224
9376.39,25,15967,986.885
9382.01,25,15967,981.267
9382.01,26,16042,983.854
9392.92,26,16042,972.943
9392.92,25,15766,961.763
9396.91,25,15766,957.77
9396.91,23,15326,948.803
9414.07,23,15326,931.645
9414.07,24,15602,941.162
9419.66,24,15602,935.57
9419.66,23,14794,930.325
9420,23,14794,929.988
9420,23,14794,948.184
9420,23,14794,960.74
9423.39,23,14794,957.347
9423.39,22,14719,955.007
9425.38,22,14719,953.022
9425.38,23,14903,959.593
9429.49,23,14903,955.479
9429.49,23,14903,955.479
9432.65,23,14903,952.322
9432.65,23,14903,949.974
9438.47,23,14903,944.36
9438.47,22,14469,939.652
9438.86,22,14469,939.281
9438.86,23,15277,968.139
9456.3,23,15277,951.313
9456.3,24,15702,966.492
9456.71,24,15702,966.1
9456.71,23,15268,956.229
9458.99,23,15268,954.028
9458.99,22,14834,949.32
9460.97,22,14834,947.412
9460.97,21,14222,925.917
9464.9,21,14222,922.126
9464.9,20,14078,919.787
9465.84,20,14078,918.846
9465.84,21,14262,925.418
9471.51,21,14262,919.749
9471.51,20,13828,915.079
9477.68,20,13828,908.913
9477.68,21,14262,924.413
9480,21,14262,922.089
9480,21,14262,967.513
9480,21,14262,967.513
9489.4,21,14262,958.108
9489.4,22,15070,989.185
9503.94,22,15070,974.649
9503.94,23,15878,1005.73
9519.76,23,15878,989.911
9519.76,24,16686,1020.99
9536.18,24,16686,1004.56
9536.18,25,18450,1072.41
9540,25,18450,1068.59
9540,25,18450,1011.66
9540,25,18450,1011.66
9548.66,25,18450,1003
9548.66,24,18174,993.67
9552.65,24,18174,989.677
9552.65,23,17770,980.391
9575.99,23,17770,957.057
9575.99,24,18026,966.2
9579.42,24,18026,962.765
9579.42,23,17842,957.333
9583.01,23,17842,953.742
9583.01,22,17566,932.247
9587,22,17566,928.254
9587,21,17382,918.967
9588.57,21,17382,917.512
9588.57,22,18190,946.369
9588.58,22,18190,946.357
9588.58,22,18190,937.061
9597.66,22,18190,929.931
9597.66,21,17590,924.499
9598.75,21,17590,923.412
9598.75,22,17774,929.983
9599.94,22,17774,928.788
9599.94,22,17774,923.356
9600,22,17774,923.302
9600,22,17774,923.302
9600,22,17774,923.302
9600.98,22,17774,922.394
9600.98,21,17189,915.304
9605.9,21,17189,910.732
9605.9,21,17189,906.052
9607.23,21,17189,904.916
9607.23,20,16589,886.221
9611.56,20,16589,882.507
9611.56,21,17521,915.793
9612.46,21,17521,915.021
9612.46,21,17521,909.589
9613.49,21,17521,908.783
9613.49,21,17521,904.103
9616.79,21,17521,901.74
9616.79,20,15809,876.895
9635.25,20,15809,858.44
9635.25,19,15224,850.804
9639.03,19,15224,847.019
9639.03,20,15378,852.942
9658.79,20,15378,833.184
9658.79,11,8440,765.106
9660,11,8440,763.898
9660,11,8440,778.343
9660,11,8440,778.343
9672.77,11,8440,765.576
9672.77,12,8584,771.336
9682.9,12,8584,761.199
9682.9,13,8912,774.319
9685.46,13,8912,771.76
9685.46,12,8728,760.704
9690.39,12,8728,755.775
9690.39,13,9153,772.775
9711.94,13,9153,751.223
9711.94,12,9009,745.982
9718.55,12,9009,739.373
9718.55,12,9009,734.142
9719.5,12,9009,733.273
9719.5,13,9443,750.633
9720,13,9443,750.17
9720,13,9443,750.17
9720,13,9443,750.17
9720.87,13,9443,749.367
9720.87,12,8511,739.134
9737.4,12,8511,722.608
9737.4,13,9443,759.888
9752.22,13,9443,745.07
9752.22,14,9699,755.31
9763.92,14,9699,743.604
9763.92,15,10284,767.004
9764.03,15,10284,766.896
9764.03,14,9476,727.743
9764.03,13,9042,718.51
9780,13,9042,702.54
9780,13,9042,690.737
9780,13,9042,706.897
9783.52,13,9042,703.378
9783.52,14,9627,726.778
9792.83,14,9627,717.469
9792.83,15,10212,740.869
9799.72,15,10212,733.973
9799.72,16,11976,800.869
9813.78,16,11976,786.813
9813.78,17,12784,816.739
9822.86,17,12784,807.661
9822.86,18,12968,814.475
9840,18,12968,797.334
9840,18,12968,772.924
9840,18,12968,772.924
9840.38,18,12968,772.548
9840.38,19,13553,793.44
9843.28,19,13553,790.538
9843.28,20,15345,854.538
9860.15,20,15345,837.664
9860.15,21,15749,852.093
9865.75,21,15749,846.494
9865.75,22,15903,851.994
9868.74,22,15903,849.001
9868.74,23,16087,855.572
9872.81,23,16087,851.505
9872.81,21,14471,839.925
9886.44,21,14471,826.297
9886.44,22,14896,841.475
9900,22,14896,827.916
9900,22,14896,804.781
9900,22,14896,804.781
9900.16,22,14896,804.617
9900.16,23,15321,819.272
9904.98,23,15321,814.456
9904.98,22,14513,842.177
9924.59,22,14513,822.565
9924.59,21,13705,813.034
9924.59,19,11009,719.392
9929.41,19,11009,714.571
9929.41,20,11594,734.744
9937.83,20,11594,726.327
9937.83,19,11440,711.471
9937.83,18,11256,690.615
9938.78,18,11256,689.696
9938.78,18,11256,684.695
9938.78,17,10831,679.695
9942.95,17,10831,675.818
9942.95,18,12543,734.853
9957.53,18,12543,721.279
9957.53,19,13351,749.141
9960,19,13351,746.837
9960,19,13351,746.837
9960,19,13351,746.837
9964.31,19,13351,742.823
9964.31,18,13023,741.96
9979.6,18,13023,726.668
9979.6,19,13457,741.634
9980.99,19,13457,740.241
9981,17,12839,748.405
9987.46,17,12839,741.942
9987.46,17,12839,735.096
10002.3,17,12839,720.763
10002.3,18,13095,729.591
10007.5,18,13095,724.596
10007.5,18,13095,720.077
10011.4,18,13095,716.533
10011.4,19,13695,737.223
10020,19,13695,729.539
10020,19,13695,753.028
10020,19,13695,753.028
10021.7,19,13695,751.485
10021.7,18,12763,720.252
10026.3,18,12763,715.641
10026.3,18,12763,715.641
10029.2,18,12763,712.746
10029.2,19,13188,727.925
10029.8,19,13188,727.329
10029.8,18,12932,729.208
10032.4,18,12932,726.598
10032.4,18,12932,726.598
10036.9,18,12932,722.136
10036.9,19,13076,727.279
10051.1,19,13076,713.04
10051.1,20,13332,722.183
10051.5,20,13332,721.804
10051.5,19,12747,721.608
10065.8,19,12747,707.297
10065.8,20,14539,771.297
10072.6,20,14539,764.547
10072.6,21,14815,774.404
10076.5,21,14815,770.453
10076.5,18,13501,800.98
10080,18,13501,797.512
10080,18,13501,797.512
10080,18,13501,797.512
10083.1,18,13501,794.371
10083.1,18,13501,789.7
10091.9,18,13501,781.558
10091.9,17,11737,742.706
10094.7,17,11737,739.944
10094.7,18,11891,745.444
10107.8,18,11891,732.292
10107.8,19,12325,747.792
10121.9,19,12325,733.671
10121.9,18,11517,720.275
10133.2,18,11517,709.003
10133.2,19,11793,718.86
10138.6,19,11793,713.465
10138.6,17,11054,726.284
10138.6,16,9262,671.201
10140,16,9262,669.813
10140,16,9262,650.82
10140,16,9262,650.82
10143.1,16,9262,647.682
10143.1,17,9416,653.386
10157.7,17,9416,638.818
10157.7,18,9841,654.558
10170.8,18,9841,641.484
10170.8,18,9841,631.247
10172.7,18,9841,629.43
10172.7,19,11633,695.801
10173.7,19,11633,694.942
10173.7,16,10379,689.637
10185.5,16,10379,677.775
10185.5,17,10979,699.997
10190.4,17,10979,695.137
10190.4,15,10240,726.64
10200,15,10240,717.032
10200,15,10240,717.032
10200,15,10240,717.032
10201.8,15,10240,715.194
10201.8,16,10384,720.527
10209.6,16,10384,712.765
10209.6,14,9694,703.125
10215.1,14,9694,697.604
10215.1,12,9004,675.312
10216.5,12,9004,673.92
10216.5,13,9438,689.994
10218.8,13,9438,687.736
10218.8,12,9013,682.365
10220.1,12,9013,680.991
10220.1,13,9088,683.769
10227.1,13,9088,676.793
10227.1,12,8934,674.368
10236.7,12,8934,664.74
10236.7,13,9742,694.666
10248,13,9742,683.402
10248,14,9926,690.217
10252.4,14,9926,685.848
10252.4,13,9782,663.448
10259,13,9782,656.839
10259,12,9348,651.995
10260,12,9348,650.986
10260,12,9348,650.986
10260,12,9348,650.986
10260.6,12,9348,650.429
10260.6,13,9423,653.207
10271.7,13,9423,642.083
10271.7,11,8923,637.2
10276.7,11,8923,632.202
10276.7,12,10091,675.461
10277.2,12,10091,674.938
10277.2,11,9907,670.055
10278.9,11,9907,668.355
10278.9,10,9832,665.929
10280.9,10,9832,663.893
10280.9,10,9832,661.458
10288.2,10,9832,654.505
10288.2,10,9832,652.07
10291.5,10,9832,648.958
10291.5,10,9832,648.755
10293.7,10,9832,646.836
10293.7,10,9832,662.91
10300.8,10,9832,656.01
10300.8,11,11624,722.38
10303.7,11,11624,719.647
10303.7,11,11624,714.794
10308.7,11,11624,710.351
10308.7,11,11624,731.598
10315.6,11,11624,725.126
10315.6,11,11624,722.868
10320,11,11624,718.952
10320,11,11624,718.952
10320,11,11624,718.952
10327.3,11,11624,712.424
10327.3,12,12556,744.562
10342.8,12,12556,730.677
10342.8,12,12556,735.987
10350.6,12,12556,728.741
10350.6,11,12280,723.496
10354.5,11,12280,719.503
10354.5,10,12004,710.537
10356.1,10,12004,709.009
10356.1,10,12004,703.764
10358.5,10,12004,701.469
10358.5,10,12004,692.502
10374.1,10,12004,680.161
10374.1,10,12004,685.127
10380,10,12004,680.039
10380,10,12004,680.039
10380,10,12004,680.039
10380.7,10,12004,679.429
10380.7,10,12004,674.92
10382.4,10,12004,673.545
10382.4,9,11404,652.79
10387.7,9,11404,647.851
10387.7,9,11404,637.687
10392,9,11404,634.057
10392,8,10804,614.669
10395.9,8,10804,611.376
10395.9,8,10804,614.154
10399.9,8,10804,610.538
10399.9,8,10804,604.904
10401.6,8,10804,603.574
10401.6,8,10804,584.186
10405.1,8,10804,582.342
10405.1,8,10804,579.907
10416.7,8,10804,574.347
10416.7,9,11060,583.829
10431.3,9,11060,576.799
10431.3,9,11060,574.373
10432.6,9,11060,573.795
10432.6,9,11060,584.017
10434.6,9,11060,582.803
10434.6,9,11060,577.169
10436.6,9,11060,576.161
10436.6,8,9348,533.049
10438,8,9348,531.675
10438,7,8540,525.503
10440,7,8540,523.503
10440,7,8540,523.503
10440,7,8540,523.503
10441.4,7,8540,522.06
10441.4,8,8724,529.42
10453.7,8,8724,517.204
10453.7,8,8724,511.403
10453.7,7,6932,471.655
10458.2,7,6932,467.078
10458.2,8,7086,473.774
10463,8,7086,468.998
10463,7,6932,460.367
10463,7,6932,451.735
10470.2,7,6932,444.884
10470.2,8,7740,480.015
10478.6,8,7740,471.983
10478.6,3,1924,321.487
10498,3,1924,303.678
10498,4,2509,351.224
10498.8,4,2509,350.516
10498.8,3,2325,342.546
10500,3,2325,341.308
10500,3,2325,354.584
10500,3,2325,354.584
10506.7,3,2325,347.883
10506.7,4,2400,352.295
10514,4,2400,345.004
10514,5,3012,379.696
10525.1,5,3012,368.595
10525.1,4,2937,358.147
10525.2,4,2937,357.996
10525.2,3,2352,335.702
10533.5,3,2352,327.99
10533.5,4,2496,336.99
10534.3,4,2496,336.165
10534.3,3,2352,332.056
10540.7,3,2352,325.754
10540.7,3,2352,317.514
10541,3,2352,317.246
10541,2,1420,270.32
10544.1,2,1420,267.18
10544.1,3,3212,389.441
10545.9,3,3212,387.654
10545.9,4,3540,406.948
10551.5,4,3540,401.311
10551.5,4,3540,401.311
10551.7,4,3540,401.162
10551.7,4,3540,392.632
10557.6,4,3540,387.031
10557.6,4,3540,387.031
10559.3,4,3540,385.469
10559.3,1,328,233.803
10560,1,328,233.204
10560,1,328,265.299
10560,1,328,265.299
10563.7,1,328,261.636
10563.7,2,472,279.376
10566.1,2,472,276.939
10566.1,2,472,276.939
10576.9,2,472,266.167
10576.9,2,472,241.612
10579.9,2,472,238.983
10579.9,3,1404,329.793
10592.8,3,1404,317.836
10592.8,4,1680,339.067
10604.7,4,1680,328.111
10604.7,5,3444,447.437
10616.3,5,3444,436.502
10616.3,6,5236,539.248
10620,6,5236,535.77
10620,6,5236,567.285
10620,6,5236,567.285
10626.1,6,5236,561.185
10626.1,6,5236,561.185
10626.4,6,5236,560.89
10626.4,7,7000,664.654
10633.5,7,7000,657.503
10633.5,8,7075,661.915
10646.4,8,7075,649.084
10646.4,9,7219,657.555
10647,9,7219,656.961
10647,8,6891,630.771
10654.4,8,6891,623.351
10654.4,9,7167,639.587
10663.7,9,7167,630.322
10663.7,7,6879,661.306
10665.3,7,6879,659.644
10665.3,8,7464,693.034
10670.3,8,7464,688.087
10670.3,8,7464,681.203
10670.3,7,6532,635.135
10676,7,6532,629.394
10676,8,6957,654.394
10680,8,6957,650.399
10680,8,6957,619.486
10680,8,6957,619.486
10682.4,8,6957,617.106
10682.4,9,7111,625.662
10691.2,9,7111,616.845
10691.2,10,7919,661.407
10692.9,10,7919,659.705
10692.9,9,7643,711.856
10695.2,9,7643,709.594
10695.2,9,7643,701.322
10696.9,9,7643,699.664
10696.9,7,5804,653.72
10703.8,7,5804,646.811
10703.8,6,4012,645.18
10706.1,6,4012,642.832
10706.1,5,3427,638.723
10707,5,3427,637.869
10707,6,5219,725.158
10713,6,5219,719.14
10713,7,7011,795.733
10718.2,7,7011,790.59
10718.2,8,7195,798.257
10727.3,8,7195,789.169
10727.3,9,7270,792.294
10732.2,9,7270,787.344
10732.2,8,7086,762.143
10735.9,8,7086,758.415
10735.9,9,7230,764.415
10740,9,7230,760.345
10740,9,7230,736.211
10740,9,7230,736.211
10744.4,9,7230,731.84
10744.4,8,7155,720.784
10753.6,8,7155,711.898
10753.6,8,7155,709.268
10758.7,8,7155,704.617
10758.7,7,5391,634.922
10759.7,7,5391,633.866
10759.7,8,6199,668.996
10800,8,6199,628.735
10800,8,6199,628.735
10800,8,6199,628.735
10822.2,8,6199,606.531
10822.2,7,5923,598.912
10825.1,7,5923,596.035
10825.1,5,5344,600.67
10826.2,5,5344,599.554
10826.2,3,2744,559.155
10860,3,2744,525.352
10860,3,2744,540.636
10860,3,2744,540.636
10891.5,3,2744,509.116
10891.5,3,2744,508.811
10911.7,3,2744,489.731
10911.7,3,2744,489.731
10913.6,3,2744,487.966
10913.6,2,952,373.388
10917.8,2,952,369.156
10917.8,2,952,369.156
10920,2,952,366.979
10920,2,952,382.814
10920,2,952,397.214
10980,2,952,337.214
10980,2,952,314.366
10980,2,952,320.912
10987.4,2,952,313.491
10987.4,1,808,300.658
10993.5,1,808,295.32
10993.5,1,808,295.32
10994,1,808,294.875
10994,0,0,0
11040,0,0,0
11040,0,0,0
11040,0,0,0
11046.1,0,0,0
11046.1,0,0,0
11047.2,0,0,0
11047.2,0,0,0
11049.2,0,0,0
11049.2,0,0,0
11055.3,0,0,0
11055.3,0,0,0
11072.2,0,0,0
11072.2,0,0,0
11072.2,0,0,0
11092,0,0,0
11092,0,0,0
11092.6,0,0,0
11092.6,0,0,0
11100,0,0,0
11100,0,0,0
11100,0,0,0
11105.1,0,0,0
11105.1,0,0,0
11106.1,0,0,0
11106.1,0,0,0
11152.9,0,0,0
11152.9,0,0,0
11160,0,0,0
11160,0,0,0
11160,0,0,0
11166.1,0,0,0
11166.1,0,0,0
11220,0,0,0
11220,0,0,0
11220,0,0,0
11226.1,0,0,0
11226.1,0,0,0
11259.8,0,0,0
11259.8,0,0,0
11280,0,0,0
11280,0,0,0
11280,0,0,0
11286.1,0,0,0
11286.1,0,0,0
11297.4,0,0,0
11297.4,0,0,0
11303.5,0,0,0
11303.5,0,0,0
11340,0,0,0
11340,0,0,0
11340,0,0,0
11400,0,0,0
11400,0,0,0
11400,0,0,0
11419.8,0,0,0
11419.8,0,0,0
11425.9,0,0,0
11425.9,0,0,0
11460,0,0,0
11460,0,0,0
11460,0,0,0
11466.1,0,0,0
11466.1,0,0,0
11507.2,0,0,0
11507.2,0,0,0
11520,0,0,0
11520,0,0,0
11520,0,0,0
11526.1,0,0,0
11526.1,0,0,0
11580,0,0,0
11580,0,0,0
11580,0,0,0
11640,0,0,0
11640,0,0,0
11640,0,0,0
11700,0,0,0
11700,0,0,0
11700,0,0,0
11760,0,0,0
11760,0,0,0
11760,0,0,0
11820,0,0,0
11820,0,0,0
11820,0,0,0
11880,0,0,0
11880,0,0,0
11880,0,0,0
11940,0,0,0
11940,0,0,0
11940,0,0,0
12000,0,0,0
12000,0,0,0
12000,0,0,0
12060,0,0,0
12060,0,0,0
12060,0,0,0
12120,0,0,0
12120,0,0,0
12120,0,0,0
12180,0,0,0
12180,0,0,0
12180,0,0,0
12240,0,0,0
12240,0,0,0
12240,0,0,0
12300,0,0,0
12300,0,0,0
12300,0,0,0
12360,0,0,0
12360,0,0,0
12360,0,0,0
12420,0,0,0
12420,0,0,0
12420,0,0,0
12480,0,0,0
12480,0,0,0
12480,0,0,0
12540,0,0,0
12540,0,0,0
12540,0,0,0
12600,0,0,0
12600,0,0,0
12600,0,0,0
12660,0,0,0
12660,0,0,0
12660,0,0,0
12720,0,0,0
12720,0,0,0
12720,0,0,0
12780,0,0,0
12780,0,0,0
12780,0,0,0
12840,0,0,0
12840,0,0,0
12840,0,0,0
12900,0,0,0
12900,0,0,0
12900,0,0,0
12960,0,0,0
12960,0,0,0
12960,0,0,0
13020,0,0,0
13020,0,0,0
13020,0,0,0
13080,0,0,0
13080,0,0,0
13080,0,0,0
13140,0,0,0
13140,0,0,0
13140,0,0,0
13200,0,0,0
13200,0,0,0
13200,0,0,0
13260,0,0,0
13260,0,0,0
13260,0,0,0
13320,0,0,0
13320,0,0,0
13320,0,0,0
13380,0,0,0
13380,0,0,0
13380,0,0,0
13440,0,0,0
13440,0,0,0
13440,0,0,0
13500,0,0,0
13500,0,0,0
13500,0,0,0
13560,0,0,0
13560,0,0,0
13560,0,0,0
13620,0,0,0
13620,0,0,0
13620,0,0,0
13680,0,0,0
13680,0,0,0
13680,0,0,0
13740,0,0,0
13740,0,0,0
13740,0,0,0
13800,0,0,0
13800,0,0,0
13800,0,0,0
13860,0,0,0
13860,0,0,0
13860,0,0,0
13920,0,0,0
13920,0,0,0
13920,0,0,0
13980,0,0,0
13980,0,0,0
13980,0,0,0
14040,0,0,0
14040,0,0,0
14040,0,0,0
14100,0,0,0
14100,0,0,0
14100,0,0,0
14160,0,0,0
14160,0,0,0
14160,0,0,0
14220,0,0,0
14220,0,0,0
14220,0,0,0
14280,0,0,0
14280,0,0,0
14280,0,0,0
14340,0,0,0
14340,0,0,0
14340,0,0,0
14400,0,0,0
14400,0,0,0
14400,0,0,0
14460,0,0,0
14460,0,0,0
14460,0,0,0
14520,0,0,0
14520,0,0,0
14520,0,0,0
14580,0,0,0
14580,0,0,0
14580,0,0,0
14640,0,0,0
14640,0,0,0
14640,0,0,0
14700,0,0,0
14700,0,0,0
14700,0,0,0
14760,0,0,0
14760,0,0,0
14760,0,0,0
14820,0,0,0
14820,0,0,0
14820,0,0,0
14880,0,0,0
14880,0,0,0
14880,0,0,0
14940,0,0,0
14940,0,0,0
14940,0,0,0
15000,0,0,0
15000,0,0,0
15000,0,0,0
15060,0,0,0
15060,0,0,0
15060,0,0,0
15120,0,0,0
15120,0,0,0
15120,0,0,0
15180,0,0,0
15180,0,0,0
15180,0,0,0
15240,0,0,0
15240,0,0,0
15240,0,0,0
15300,0,0,0
15300,0,0,0
15300,0,0,0
15360,0,0,0
15360,0,0,0
15360,0,0,0
15420,0,0,0
15420,0,0,0
15420,0,0,0
15480,0,0,0
15480,0,0,0
15480,0,0,0
15540,0,0,0
15540,0,0,0
15540,0,0,0
15600,0,0,0
15600,0,0,0
15600,0,0,0
15660,0,0,0
15660,0,0,0
15660,0,0,0
15720,0,0,0
15720,0,0,0
15720,0,0,0
15780,0,0,0
15780,0,0,0
15780,0,0,0
15840,0,0,0
15840,0,0,0
15840,0,0,0
15900,0,0,0
15900,0,0,0
15900,0,0,0
15960,0,0,0
15960,0,0,0
15960,0,0,0
16000,0,0,0
16000,1,154,465
16020,1,154,445
16020,1,154,445
16020,1,154,445
16080,1,154,385
16080,1,154,271
16080,1,154,271
16140,1,154,211
16140,1,154,211
16140,1,154,211
16151.5,1,154,199.48
16151.5,0,0,0
16200,0,0,0
16200,0,0,0
16200,0,0,0
16231.5,0,0,0
16231.5,0,0,0
16240,0,0,0
16240,0,0,0
